ID,microchip,speice,sex,size,potenciallyDangrous,neighborhood
1641-FMMSI-SIN IDENTIFICAR,978101081191641,FELINO,MACHO,MEDIANO,false,SIN IDENTIFICAR
672-FMMSI-SIN IDENTIFICAR,978101081191672,FELINO,MACHO,MEDIANO,false,SIN IDENTIFICAR
690-CHMSI-SIN IDENTIFICAR,978101081191690,CANINO,HEMBRA,MEDIANO,false,SIN IDENTIFICAR
1725-FHMSI-SIN IDENTIFICAR,978101081191725,FELINO,HEMBRA,MEDIANO,false,SIN IDENTIFICAR
1873-CMMSI-SIN IDENTIFICAR,978101081191873,CANINO,MACHO,MEDIANO,false,SIN IDENTIFICAR
1895-CHMSI-SIN IDENTIFICAR,978101081191895,CANINO,HEMBRA,MEDIANO,false,SIN IDENTIFICAR
1902-CHMSI-SIN IDENTIFICAR,978101081191902,CANINO,HEMBRA,MEDIANO,false,SIN IDENTIFICAR
1936-CMMSI-SIN IDENTIFICAR,978101081191936,CANINO,MACHO,MEDIANO,false,SIN IDENTIFICAR
2018-CHMSI-SIN IDENTIFICAR,978101081192018,CANINO,HEMBRA,MEDIANO,false,SIN IDENTIFICAR
2109-CMMSI-SIN IDENTIFICAR,978101081192109,CANINO,MACHO,MEDIANO,false,SIN IDENTIFICAR
2127-CHMSI-SIN IDENTIFICAR,978101081192127,CANINO,HEMBRA,MEDIANO,false,SIN IDENTIFICAR
2140-CHMSI-SIN IDENTIFICAR,978101081192140,CANINO,HEMBRA,MEDIANO,false,SIN IDENTIFICAR
2150-CMMSI-SIN IDENTIFICAR,978101081192150,CANINO,MACHO,MEDIANO,false,SIN IDENTIFICAR
233-FHMSI-SIN IDENTIFICAR,978101081192233,FELINO,HEMBRA,MEDIANO,false,SIN IDENTIFICAR
258-FMMSI-SIN IDENTIFICAR,978101081192258,FELINO,MACHO,MEDIANO,false,SIN IDENTIFICAR
2351-CMMSI-SIN IDENTIFICAR,978101081192351,CANINO,MACHO,MEDIANO,false,SIN IDENTIFICAR
2413-FMMSI-SIN IDENTIFICAR,978101081192413,FELINO,MACHO,MEDIANO,false,SIN IDENTIFICAR
2442-FMMSI-SIN IDENTIFICAR,978101081192442,FELINO,MACHO,MEDIANO,false,SIN IDENTIFICAR
2479-FHMSI-SIN IDENTIFICAR,978101081192479,FELINO,HEMBRA,MEDIANO,false,SIN IDENTIFICAR
2500-CMMSI-SIN IDENTIFICAR,978101081192500,CANINO,MACHO,MEDIANO,false,SIN IDENTIFICAR
2501-CMMSI-SIN IDENTIFICAR,978101081192501,CANINO,MACHO,MEDIANO,false,SIN IDENTIFICAR
2519-CMMSI-SIN IDENTIFICAR,978101081192519,CANINO,MACHO,MEDIANO,false,SIN IDENTIFICAR
2522-CHMSI-SIN IDENTIFICAR,978101081192522,CANINO,HEMBRA,MEDIANO,false,SIN IDENTIFICAR
540-FMMSI-SIN IDENTIFICAR,978101081192540,FELINO,MACHO,MEDIANO,false,SIN IDENTIFICAR
2569-CHMSI-SIN IDENTIFICAR,978101081192569,CANINO,HEMBRA,MEDIANO,false,SIN IDENTIFICAR
2589-CMMSI-SIN IDENTIFICAR,978101081192589,CANINO,MACHO,MEDIANO,false,SIN IDENTIFICAR
142-CHGSI-SIN IDENTIFICAR,978101081197142,CANINO,HEMBRA,GRANDE,false,SIN IDENTIFICAR
7664-FHMSI-SIN IDENTIFICAR,978101081197664,FELINO,HEMBRA,MEDIANO,false,SIN IDENTIFICAR
821-FMMSI-SIN IDENTIFICAR,978101081206821,FELINO,MACHO,MEDIANO,false,SIN IDENTIFICAR
830-NHMSI-SIN IDENTIFICAR,978101081206830,NO IDENTIFICADO,HEMBRA,MEDIANO,false,SIN IDENTIFICAR
6837-CMMSI-SIN IDENTIFICAR,978101081206837,CANINO,MACHO,MEDIANO,false,SIN IDENTIFICAR
848-CHMSI-SIN IDENTIFICAR,978101081206848,CANINO,HEMBRA,MEDIANO,false,SIN IDENTIFICAR
6863-CHMSI-SIN IDENTIFICAR,978101081206863,CANINO,HEMBRA,MEDIANO,false,SIN IDENTIFICAR
6890-CHMSI-SIN IDENTIFICAR,978101081206890,CANINO,HEMBRA,MEDIANO,false,SIN IDENTIFICAR
6898-CMMSI-SIN IDENTIFICAR,978101081206898,CANINO,MACHO,MEDIANO,false,SIN IDENTIFICAR
906-FHMSI-SIN IDENTIFICAR,978101081206906,FELINO,HEMBRA,MEDIANO,false,SIN IDENTIFICAR
6929-FMMSI-SIN IDENTIFICAR,978101081206929,FELINO,MACHO,MEDIANO,false,SIN IDENTIFICAR
941-CHMSI-SIN IDENTIFICAR,978101081206941,CANINO,HEMBRA,MEDIANO,false,SIN IDENTIFICAR
6959-CHMSI-SIN IDENTIFICAR,978101081206959,CANINO,HEMBRA,MEDIANO,false,SIN IDENTIFICAR
961-CHMSI-SIN IDENTIFICAR,978101081206961,CANINO,HEMBRA,MEDIANO,false,SIN IDENTIFICAR
984-FHMSI-SIN IDENTIFICAR,978101081206984,FELINO,HEMBRA,MEDIANO,false,SIN IDENTIFICAR
988-FMMSI-SIN IDENTIFICAR,978101081206988,FELINO,MACHO,MEDIANO,false,SIN IDENTIFICAR
6995-CHMSI-SIN IDENTIFICAR,978101081206995,CANINO,HEMBRA,MEDIANO,false,SIN IDENTIFICAR
7008-CMMSI-SIN IDENTIFICAR,978101081207008,CANINO,MACHO,MEDIANO,false,SIN IDENTIFICAR
7032-CHMSI-SIN IDENTIFICAR,978101081207032,CANINO,HEMBRA,MEDIANO,false,SIN IDENTIFICAR
7152-CMMSI-SIN IDENTIFICAR,978101081207152,CANINO,MACHO,MEDIANO,false,SIN IDENTIFICAR
7256-CHMSI-SIN IDENTIFICAR,978101081207256,CANINO,HEMBRA,MEDIANO,false,SIN IDENTIFICAR
7268-CMMSI-SIN IDENTIFICAR,978101081207268,CANINO,MACHO,MEDIANO,false,SIN IDENTIFICAR
7300-CMMSI-SIN IDENTIFICAR,978101081207300,CANINO,MACHO,MEDIANO,false,SIN IDENTIFICAR
7360-CHMSI-SIN IDENTIFICAR,978101081207360,CANINO,HEMBRA,MEDIANO,false,SIN IDENTIFICAR
7402-CHMSI-SIN IDENTIFICAR,978101081207402,CANINO,HEMBRA,MEDIANO,false,SIN IDENTIFICAR
437-FMMSI-SIN IDENTIFICAR,978101081207437,FELINO,MACHO,MEDIANO,false,SIN IDENTIFICAR
7450-CHMSI-SIN IDENTIFICAR,978101081207450,CANINO,HEMBRA,MEDIANO,false,SIN IDENTIFICAR
7460-CMMSI-SIN IDENTIFICAR,978101081207460,CANINO,MACHO,MEDIANO,false,SIN IDENTIFICAR
7519-FMMSI-SIN IDENTIFICAR,978101081207519,FELINO,MACHO,MEDIANO,false,SIN IDENTIFICAR
7527-CMMSI-SIN IDENTIFICAR,978101081207527,CANINO,MACHO,MEDIANO,false,SIN IDENTIFICAR
544-CHMSI-SIN IDENTIFICAR,978101081207544,CANINO,HEMBRA,MEDIANO,false,SIN IDENTIFICAR
7593-CMMSI-SIN IDENTIFICAR,978101081207593,CANINO,MACHO,MEDIANO,false,SIN IDENTIFICAR
7624-CHMSI-SIN IDENTIFICAR,978101081207624,CANINO,HEMBRA,MEDIANO,false,SIN IDENTIFICAR
7635-CHMSI-SIN IDENTIFICAR,978101081207635,CANINO,HEMBRA,MEDIANO,false,SIN IDENTIFICAR
640-NHMSI-SIN IDENTIFICAR,978101081207640,NO IDENTIFICADO,HEMBRA,MEDIANO,false,SIN IDENTIFICAR
7650-CHMSI-SIN IDENTIFICAR,978101081207650,CANINO,HEMBRA,MEDIANO,false,SIN IDENTIFICAR
7652-CHMSI-SIN IDENTIFICAR,978101081207652,CANINO,HEMBRA,MEDIANO,false,SIN IDENTIFICAR
7664-CHMSI-SIN IDENTIFICAR,978101081207664,CANINO,HEMBRA,MEDIANO,false,SIN IDENTIFICAR
681-FMMSI-SIN IDENTIFICAR,978101081207681,FELINO,MACHO,MEDIANO,false,SIN IDENTIFICAR
7683-CHMSI-SIN IDENTIFICAR,978101081207683,CANINO,HEMBRA,MEDIANO,false,SIN IDENTIFICAR
7687-CMMSI-SIN IDENTIFICAR,978101081207687,CANINO,MACHO,MEDIANO,false,SIN IDENTIFICAR
7696-CMMSI-SIN IDENTIFICAR,978101081207696,CANINO,MACHO,MEDIANO,false,SIN IDENTIFICAR
7702-CMMSI-SIN IDENTIFICAR,978101081207702,CANINO,MACHO,MEDIANO,false,SIN IDENTIFICAR
7708-FMMSI-SIN IDENTIFICAR,978101081207708,FELINO,MACHO,MEDIANO,false,SIN IDENTIFICAR
7713-CMMSI-SIN IDENTIFICAR,978101081207713,CANINO,MACHO,MEDIANO,false,SIN IDENTIFICAR
7727-FHMSI-SIN IDENTIFICAR,978101081207727,FELINO,HEMBRA,MEDIANO,false,SIN IDENTIFICAR
731-FMMSI-SIN IDENTIFICAR,978101081207731,FELINO,MACHO,MEDIANO,false,SIN IDENTIFICAR
7756-CHMSI-SIN IDENTIFICAR,978101081207756,CANINO,HEMBRA,MEDIANO,false,SIN IDENTIFICAR
769-CHMSI-SIN IDENTIFICAR,978101081207769,CANINO,HEMBRA,MEDIANO,false,SIN IDENTIFICAR
7771-CMMSI-SIN IDENTIFICAR,978101081207771,CANINO,MACHO,MEDIANO,false,SIN IDENTIFICAR
7779-CHMSI-SIN IDENTIFICAR,978101081207779,CANINO,HEMBRA,MEDIANO,false,SIN IDENTIFICAR
7793-CMMSI-SIN IDENTIFICAR,978101081207793,CANINO,MACHO,MEDIANO,false,SIN IDENTIFICAR
7822-CHMSI-SIN IDENTIFICAR,978101081207822,CANINO,HEMBRA,MEDIANO,false,SIN IDENTIFICAR
7823-CHMSI-SIN IDENTIFICAR,978101081207823,CANINO,HEMBRA,MEDIANO,false,SIN IDENTIFICAR
869-FMMSI-SIN IDENTIFICAR,978101081208869,FELINO,MACHO,MEDIANO,false,SIN IDENTIFICAR
08873-CHMSI-SIN IDENTIFICAR,978101081208873,CANINO,HEMBRA,MEDIANO,false,SIN IDENTIFICAR
8889-FHMSI-SIN IDENTIFICAR,978101081208889,FELINO,HEMBRA,MEDIANO,false,SIN IDENTIFICAR
08897-CMMSI-SIN IDENTIFICAR,978101081208897,CANINO,MACHO,MEDIANO,false,SIN IDENTIFICAR
8898-CHMSI-SIN IDENTIFICAR,978101081208898,CANINO,HEMBRA,MEDIANO,false,SIN IDENTIFICAR
905-CHMSI-SIN IDENTIFICAR,978101081208905,CANINO,HEMBRA,MEDIANO,false,SIN IDENTIFICAR
910-FMMSI-SIN IDENTIFICAR,978101081208910,FELINO,MACHO,MEDIANO,false,SIN IDENTIFICAR
08925-CHMSI-SIN IDENTIFICAR,978101081208925,CANINO,HEMBRA,MEDIANO,false,SIN IDENTIFICAR
8931-CHMSI-SIN IDENTIFICAR,978101081208931,CANINO,HEMBRA,MEDIANO,false,SIN IDENTIFICAR
056-FMMSI-SIN IDENTIFICAR,978101081209056,FELINO,MACHO,MEDIANO,false,SIN IDENTIFICAR
9073-FHMSI-SIN IDENTIFICAR,978101081209073,FELINO,HEMBRA,MEDIANO,false,SIN IDENTIFICAR
170-CMMSI-SIN IDENTIFICAR,978101081209170,CANINO,MACHO,MEDIANO,false,SIN IDENTIFICAR
177-CMMSI-SIN IDENTIFICAR,978101081209177,CANINO,MACHO,MEDIANO,false,SIN IDENTIFICAR
9182-FHMSI-SIN IDENTIFICAR,978101081209182,FELINO,HEMBRA,MEDIANO,false,SIN IDENTIFICAR
9191-FMMSI-SIN IDENTIFICAR,978101081209191,FELINO,MACHO,MEDIANO,false,SIN IDENTIFICAR
9192-FHMSI-SIN IDENTIFICAR,978101081209192,FELINO,HEMBRA,MEDIANO,false,SIN IDENTIFICAR
9201-CHMSI-SIN IDENTIFICAR,978101081209201,CANINO,HEMBRA,MEDIANO,false,SIN IDENTIFICAR
9214-FHMSI-SIN IDENTIFICAR,978101081209214,FELINO,HEMBRA,MEDIANO,false,SIN IDENTIFICAR
9219-CHMSI-SIN IDENTIFICAR,978101081209219,CANINO,HEMBRA,MEDIANO,false,SIN IDENTIFICAR
09256-CHMSI-SIN IDENTIFICAR,978101081209256,CANINO,HEMBRA,MEDIANO,false,SIN IDENTIFICAR
9281-FMMSI-SIN IDENTIFICAR,978101081209281,FELINO,MACHO,MEDIANO,false,SIN IDENTIFICAR
09285-CHMSI-SIN IDENTIFICAR,978101081209285,CANINO,HEMBRA,MEDIANO,false,SIN IDENTIFICAR
307-FHMSI-SIN IDENTIFICAR,978101081209307,FELINO,HEMBRA,MEDIANO,false,SIN IDENTIFICAR
9312-CMMSI-SIN IDENTIFICAR,978101081209312,CANINO,MACHO,MEDIANO,false,SIN IDENTIFICAR
09324-CMMSI-SIN IDENTIFICAR,978101081209324,CANINO,MACHO,MEDIANO,false,SIN IDENTIFICAR
9334-FHMSI-SIN IDENTIFICAR,978101081209334,FELINO,HEMBRA,MEDIANO,false,SIN IDENTIFICAR
346-CMMSI-SIN IDENTIFICAR,978101081209346,CANINO,MACHO,MEDIANO,false,SIN IDENTIFICAR
348-CMMSI-SIN IDENTIFICAR,978101081209348,CANINO,MACHO,MEDIANO,false,SIN IDENTIFICAR
361-CHMSI-SIN IDENTIFICAR,978101081209361,CANINO,HEMBRA,MEDIANO,false,SIN IDENTIFICAR
09366-CHMSI-SIN IDENTIFICAR,978101081209366,CANINO,HEMBRA,MEDIANO,false,SIN IDENTIFICAR
392-FMMSI-SIN IDENTIFICAR,978101081209392,FELINO,MACHO,MEDIANO,false,SIN IDENTIFICAR
09401-CHMSI-SIN IDENTIFICAR,978101081209401,CANINO,HEMBRA,MEDIANO,false,SIN IDENTIFICAR
9410-CMMSI-SIN IDENTIFICAR,978101081209410,CANINO,MACHO,MEDIANO,false,SIN IDENTIFICAR
9412-FHMSI-SIN IDENTIFICAR,978101081209412,FELINO,HEMBRA,MEDIANO,false,SIN IDENTIFICAR
9415-CHMSI-SIN IDENTIFICAR,978101081209415,CANINO,HEMBRA,MEDIANO,false,SIN IDENTIFICAR
9417-CMMSI-SIN IDENTIFICAR,978101081209417,CANINO,MACHO,MEDIANO,false,SIN IDENTIFICAR
09424-CHMSI-SIN IDENTIFICAR,978101081209424,CANINO,HEMBRA,MEDIANO,false,SIN IDENTIFICAR
09470-CMMSI-SIN IDENTIFICAR,978101081209470,CANINO,MACHO,MEDIANO,false,SIN IDENTIFICAR
09482-CHMSI-SIN IDENTIFICAR,978101081209482,CANINO,HEMBRA,MEDIANO,false,SIN IDENTIFICAR
504-CHMSI-SIN IDENTIFICAR,978101081209504,CANINO,HEMBRA,MEDIANO,false,SIN IDENTIFICAR
09532-CMMSI-SIN IDENTIFICAR,978101081209532,CANINO,MACHO,MEDIANO,false,SIN IDENTIFICAR
533-CHMSI-SIN IDENTIFICAR,978101081209533,CANINO,HEMBRA,MEDIANO,false,SIN IDENTIFICAR
09597-FHMSI-SIN IDENTIFICAR,978101081209597,FELINO,HEMBRA,MEDIANO,false,SIN IDENTIFICAR
9605-CMMSI-SIN IDENTIFICAR,978101081209605,CANINO,MACHO,MEDIANO,false,SIN IDENTIFICAR
09665-CHMSI-SIN IDENTIFICAR,978101081209665,CANINO,HEMBRA,MEDIANO,false,SIN IDENTIFICAR
9667-CMMSI-SIN IDENTIFICAR,978101081209667,CANINO,MACHO,MEDIANO,false,SIN IDENTIFICAR
9693-CMMSI-SIN IDENTIFICAR,978101081209693,CANINO,MACHO,MEDIANO,false,SIN IDENTIFICAR
9711-CMMSI-SIN IDENTIFICAR,978101081209711,CANINO,MACHO,MEDIANO,false,SIN IDENTIFICAR
9738-CMMSI-SIN IDENTIFICAR,978101081209738,CANINO,MACHO,MEDIANO,false,SIN IDENTIFICAR
9775-FMMSI-SIN IDENTIFICAR,978101081209775,FELINO,MACHO,MEDIANO,false,SIN IDENTIFICAR
9777-CMMSI-SIN IDENTIFICAR,978101081209777,CANINO,MACHO,MEDIANO,false,SIN IDENTIFICAR
9786-CMMSI-SIN IDENTIFICAR,978101081209786,CANINO,MACHO,MEDIANO,false,SIN IDENTIFICAR
09795-CMMSI-SIN IDENTIFICAR,978101081209795,CANINO,MACHO,MEDIANO,false,SIN IDENTIFICAR
805-FMMSI-SIN IDENTIFICAR,978101081209805,FELINO,MACHO,MEDIANO,false,SIN IDENTIFICAR
09812-CHMSI-SIN IDENTIFICAR,978101081209812,CANINO,HEMBRA,MEDIANO,false,SIN IDENTIFICAR
09816-CHMSI-SIN IDENTIFICAR,978101081209816,CANINO,HEMBRA,MEDIANO,false,SIN IDENTIFICAR
830-FMMSI-SIN IDENTIFICAR,978101081209830,FELINO,MACHO,MEDIANO,false,SIN IDENTIFICAR
9837-CMMSI-SIN IDENTIFICAR,978101081209837,CANINO,MACHO,MEDIANO,false,SIN IDENTIFICAR
9846-CMMSI-SIN IDENTIFICAR,978101081209846,CANINO,MACHO,MEDIANO,false,SIN IDENTIFICAR
9854-CHMSI-SIN IDENTIFICAR,978101081209854,CANINO,HEMBRA,MEDIANO,false,SIN IDENTIFICAR
09858-CMMSI-SIN IDENTIFICAR,978101081209858,CANINO,MACHO,MEDIANO,false,SIN IDENTIFICAR
9869-CHMSI-SIN IDENTIFICAR,978101081209869,CANINO,HEMBRA,MEDIANO,false,SIN IDENTIFICAR
880-FHMSI-SIN IDENTIFICAR,978101081209880,FELINO,HEMBRA,MEDIANO,false,SIN IDENTIFICAR
9881-FHMSI-SIN IDENTIFICAR,978101081209881,FELINO,HEMBRA,MEDIANO,false,SIN IDENTIFICAR
9887-CHMSI-SIN IDENTIFICAR,978101081209887,CANINO,HEMBRA,MEDIANO,false,SIN IDENTIFICAR
9892-CHMSI-SIN IDENTIFICAR,978101081209892,CANINO,HEMBRA,MEDIANO,false,SIN IDENTIFICAR
9908-CMMSI-SIN IDENTIFICAR,978101081209908,CANINO,MACHO,MEDIANO,false,SIN IDENTIFICAR
9941-CHMSI-SIN IDENTIFICAR,978101081209941,CANINO,HEMBRA,MEDIANO,false,SIN IDENTIFICAR
9952-CHMSI-SIN IDENTIFICAR,978101081209952,CANINO,HEMBRA,MEDIANO,false,SIN IDENTIFICAR
9968-CHMSI-SIN IDENTIFICAR,978101081209968,CANINO,HEMBRA,MEDIANO,false,SIN IDENTIFICAR
10001-FMMSI-SIN IDENTIFICAR,978101081210001,FELINO,MACHO,MEDIANO,false,SIN IDENTIFICAR
0010-CHMSI-SIN IDENTIFICAR,978101081210010,CANINO,HEMBRA,MEDIANO,false,SIN IDENTIFICAR
0027-CMMSI-SIN IDENTIFICAR,978101081210027,CANINO,MACHO,MEDIANO,false,SIN IDENTIFICAR
0049-FHMSI-SIN IDENTIFICAR,978101081210049,FELINO,HEMBRA,MEDIANO,false,SIN IDENTIFICAR
0106-CMMSI-SIN IDENTIFICAR,978101081210106,CANINO,MACHO,MEDIANO,false,SIN IDENTIFICAR
10133-CHMSI-SIN IDENTIFICAR,978101081210133,CANINO,HEMBRA,MEDIANO,false,SIN IDENTIFICAR
0137-CHMSI-SIN IDENTIFICAR,978101081210137,CANINO,HEMBRA,MEDIANO,false,SIN IDENTIFICAR
0195-CMMSI-SIN IDENTIFICAR,978101081210195,CANINO,MACHO,MEDIANO,false,SIN IDENTIFICAR
0214-CHMSI-SIN IDENTIFICAR,978101081210214,CANINO,HEMBRA,MEDIANO,false,SIN IDENTIFICAR
0231-CMMSI-SIN IDENTIFICAR,978101081210231,CANINO,MACHO,MEDIANO,false,SIN IDENTIFICAR
0237-CMMSI-SIN IDENTIFICAR,978101081210237,CANINO,MACHO,MEDIANO,false,SIN IDENTIFICAR
0250-CMMSI-SIN IDENTIFICAR,978101081210250,CANINO,MACHO,MEDIANO,false,SIN IDENTIFICAR
268-FMMSI-SIN IDENTIFICAR,978101081210268,FELINO,MACHO,MEDIANO,false,SIN IDENTIFICAR
0278-CMMSI-SIN IDENTIFICAR,978101081210278,CANINO,MACHO,MEDIANO,false,SIN IDENTIFICAR
0304-CMMSI-SIN IDENTIFICAR,978101081210304,CANINO,MACHO,MEDIANO,false,SIN IDENTIFICAR
0314-CHMSI-SIN IDENTIFICAR,978101081210314,CANINO,HEMBRA,MEDIANO,false,SIN IDENTIFICAR
0318-CMMSI-SIN IDENTIFICAR,978101081210318,CANINO,MACHO,MEDIANO,false,SIN IDENTIFICAR
0323-CHMSI-SIN IDENTIFICAR,978101081210323,CANINO,HEMBRA,MEDIANO,false,SIN IDENTIFICAR
0337-CMMSI-SIN IDENTIFICAR,978101081210337,CANINO,MACHO,MEDIANO,false,SIN IDENTIFICAR
0372-CHMSI-SIN IDENTIFICAR,978101081210372,CANINO,HEMBRA,MEDIANO,false,SIN IDENTIFICAR
0383-CMMSI-SIN IDENTIFICAR,978101081210383,CANINO,MACHO,MEDIANO,false,SIN IDENTIFICAR
10389-CHMSI-SIN IDENTIFICAR,978101081210389,CANINO,HEMBRA,MEDIANO,false,SIN IDENTIFICAR
0427-CHMSI-SIN IDENTIFICAR,978101081210427,CANINO,HEMBRA,MEDIANO,false,SIN IDENTIFICAR
0480-CHMSI-SIN IDENTIFICAR,978101081210480,CANINO,HEMBRA,MEDIANO,false,SIN IDENTIFICAR
0561-CHMSI-SIN IDENTIFICAR,978101081210561,CANINO,HEMBRA,MEDIANO,false,SIN IDENTIFICAR
10586-CMMSI-SIN IDENTIFICAR,978101081210586,CANINO,MACHO,MEDIANO,false,SIN IDENTIFICAR
0592-CMMSI-SIN IDENTIFICAR,978101081210592,CANINO,MACHO,MEDIANO,false,SIN IDENTIFICAR
0639-CHMSI-SIN IDENTIFICAR,978101081210639,CANINO,HEMBRA,MEDIANO,false,SIN IDENTIFICAR
0658-CHMSI-SIN IDENTIFICAR,978101081210658,CANINO,HEMBRA,MEDIANO,false,SIN IDENTIFICAR
0670-CMMSI-SIN IDENTIFICAR,978101081210670,CANINO,MACHO,MEDIANO,false,SIN IDENTIFICAR
10672-CHMSI-SIN IDENTIFICAR,978101081210672,CANINO,HEMBRA,MEDIANO,false,SIN IDENTIFICAR
0673-CHMSI-SIN IDENTIFICAR,978101081210673,CANINO,HEMBRA,MEDIANO,false,SIN IDENTIFICAR
0771-CMMSI-SIN IDENTIFICAR,978101081210771,CANINO,MACHO,MEDIANO,false,SIN IDENTIFICAR
0778-CMMSI-SIN IDENTIFICAR,978101081210778,CANINO,MACHO,MEDIANO,false,SIN IDENTIFICAR
0785-CHMSI-SIN IDENTIFICAR,978101081210785,CANINO,HEMBRA,MEDIANO,false,SIN IDENTIFICAR
797-FHMSI-SIN IDENTIFICAR,978101081210797,FELINO,HEMBRA,MEDIANO,false,SIN IDENTIFICAR
0799-CHMSI-SIN IDENTIFICAR,978101081210799,CANINO,HEMBRA,MEDIANO,false,SIN IDENTIFICAR
0802-CHMSI-SIN IDENTIFICAR,978101081210802,CANINO,HEMBRA,MEDIANO,false,SIN IDENTIFICAR
10814-FHMSI-SIN IDENTIFICAR,978101081210814,FELINO,HEMBRA,MEDIANO,false,SIN IDENTIFICAR
0823-CHMSI-SIN IDENTIFICAR,978101081210823,CANINO,HEMBRA,MEDIANO,false,SIN IDENTIFICAR
1997-CHMSI-SIN IDENTIFICAR,978101081211997,CANINO,HEMBRA,MEDIANO,false,SIN IDENTIFICAR
2863-CMMSI-SIN IDENTIFICAR,978101081212863,CANINO,MACHO,MEDIANO,false,SIN IDENTIFICAR
2877-FMMSI-SIN IDENTIFICAR,978101081212877,FELINO,MACHO,MEDIANO,false,SIN IDENTIFICAR
2879-CHMSI-SIN IDENTIFICAR,978101081212879,CANINO,HEMBRA,MEDIANO,false,SIN IDENTIFICAR
2885-CMMSI-SIN IDENTIFICAR,978101081212885,CANINO,MACHO,MEDIANO,false,SIN IDENTIFICAR
893-CMMSI-SIN IDENTIFICAR,978101081212893,CANINO,MACHO,MEDIANO,false,SIN IDENTIFICAR
901-CMMSI-SIN IDENTIFICAR,978101081212901,CANINO,MACHO,MEDIANO,false,SIN IDENTIFICAR
2905-CHMSI-SIN IDENTIFICAR,978101081212905,CANINO,HEMBRA,MEDIANO,false,SIN IDENTIFICAR
12911-CMMSI-SIN IDENTIFICAR,978101081212911,CANINO,MACHO,MEDIANO,false,SIN IDENTIFICAR
912-FMMSI-SIN IDENTIFICAR,978101081212912,FELINO,MACHO,MEDIANO,false,SIN IDENTIFICAR
2914-CMMSI-SIN IDENTIFICAR,978101081212914,CANINO,MACHO,MEDIANO,false,SIN IDENTIFICAR
2920-CMMSI-SIN IDENTIFICAR,978101081212920,CANINO,MACHO,MEDIANO,false,SIN IDENTIFICAR
2935-FHMSI-SIN IDENTIFICAR,978101081212935,FELINO,HEMBRA,MEDIANO,false,SIN IDENTIFICAR
2937-FMMSI-SIN IDENTIFICAR,978101081212937,FELINO,MACHO,MEDIANO,false,SIN IDENTIFICAR
2944-CMMSI-SIN IDENTIFICAR,978101081212944,CANINO,MACHO,MEDIANO,false,SIN IDENTIFICAR
2945-CHMSI-SIN IDENTIFICAR,978101081212945,CANINO,HEMBRA,MEDIANO,false,SIN IDENTIFICAR
2965-FHMSI-SIN IDENTIFICAR,978101081212965,FELINO,HEMBRA,MEDIANO,false,SIN IDENTIFICAR
2976-CMMSI-SIN IDENTIFICAR,978101081212976,CANINO,MACHO,MEDIANO,false,SIN IDENTIFICAR
2994-CHMSI-SIN IDENTIFICAR,978101081212994,CANINO,HEMBRA,MEDIANO,false,SIN IDENTIFICAR
996-CHMSI-SIN IDENTIFICAR,978101081212996,CANINO,HEMBRA,MEDIANO,false,SIN IDENTIFICAR
2998-CMMSI-SIN IDENTIFICAR,978101081212998,CANINO,MACHO,MEDIANO,false,SIN IDENTIFICAR
3001-CMMSI-SIN IDENTIFICAR,978101081213001,CANINO,MACHO,MEDIANO,false,SIN IDENTIFICAR
008-FMMSI-SIN IDENTIFICAR,978101081213008,FELINO,MACHO,MEDIANO,false,SIN IDENTIFICAR
3010-FHMSI-SIN IDENTIFICAR,978101081213010,FELINO,HEMBRA,MEDIANO,false,SIN IDENTIFICAR
017-FMMSI-SIN IDENTIFICAR,978101081213017,FELINO,MACHO,MEDIANO,false,SIN IDENTIFICAR
023-CHMSI-SIN IDENTIFICAR,978101081213023,CANINO,HEMBRA,MEDIANO,false,SIN IDENTIFICAR
3047-CMMSI-SIN IDENTIFICAR,978101081213047,CANINO,MACHO,MEDIANO,false,SIN IDENTIFICAR
048-FHMSI-SIN IDENTIFICAR,978101081213048,FELINO,HEMBRA,MEDIANO,false,SIN IDENTIFICAR
3053-FHMSI-SIN IDENTIFICAR,978101081213053,FELINO,HEMBRA,MEDIANO,false,SIN IDENTIFICAR
13069-CHMSI-SIN IDENTIFICAR,978101081213069,CANINO,HEMBRA,MEDIANO,false,SIN IDENTIFICAR
3088-CHMSI-SIN IDENTIFICAR,978101081213088,CANINO,HEMBRA,MEDIANO,false,SIN IDENTIFICAR
3094-CHMSI-SIN IDENTIFICAR,978101081213094,CANINO,HEMBRA,MEDIANO,false,SIN IDENTIFICAR
100-CMMSI-SIN IDENTIFICAR,978101081213100,CANINO,MACHO,MEDIANO,false,SIN IDENTIFICAR
113-FHMSI-SIN IDENTIFICAR,978101081213113,FELINO,HEMBRA,MEDIANO,false,SIN IDENTIFICAR
3114-FMMSI-SIN IDENTIFICAR,978101081213114,FELINO,MACHO,MEDIANO,false,SIN IDENTIFICAR
3117-CHMSI-SIN IDENTIFICAR,978101081213117,CANINO,HEMBRA,MEDIANO,false,SIN IDENTIFICAR
3119-CHMSI-SIN IDENTIFICAR,978101081213119,CANINO,HEMBRA,MEDIANO,false,SIN IDENTIFICAR
3120-CHMSI-SIN IDENTIFICAR,978101081213120,CANINO,HEMBRA,MEDIANO,false,SIN IDENTIFICAR
3125-CMMSI-SIN IDENTIFICAR,978101081213125,CANINO,MACHO,MEDIANO,false,SIN IDENTIFICAR
3128-CHMSI-SIN IDENTIFICAR,978101081213128,CANINO,HEMBRA,MEDIANO,false,SIN IDENTIFICAR
131-FMMSI-SIN IDENTIFICAR,978101081213131,FELINO,MACHO,MEDIANO,false,SIN IDENTIFICAR
13136-CMMSI-SIN IDENTIFICAR,978101081213136,CANINO,MACHO,MEDIANO,false,SIN IDENTIFICAR
3145-CHMSI-SIN IDENTIFICAR,978101081213145,CANINO,HEMBRA,MEDIANO,false,SIN IDENTIFICAR
3149-CHMSI-SIN IDENTIFICAR,978101081213149,CANINO,HEMBRA,MEDIANO,false,SIN IDENTIFICAR
3150-CMMSI-SIN IDENTIFICAR,978101081213150,CANINO,MACHO,MEDIANO,false,SIN IDENTIFICAR
162-FMMSI-SIN IDENTIFICAR,978101081213162,FELINO,MACHO,MEDIANO,false,SIN IDENTIFICAR
3165-CHMSI-SIN IDENTIFICAR,978101081213165,CANINO,HEMBRA,MEDIANO,false,SIN IDENTIFICAR
3167-CHMSI-SIN IDENTIFICAR,978101081213167,CANINO,HEMBRA,MEDIANO,false,SIN IDENTIFICAR
3179-CHMSI-SIN IDENTIFICAR,978101081213179,CANINO,HEMBRA,MEDIANO,false,SIN IDENTIFICAR
3194-CMMSI-SIN IDENTIFICAR,978101081213194,CANINO,MACHO,MEDIANO,false,SIN IDENTIFICAR
13203-CHMSI-SIN IDENTIFICAR,978101081213203,CANINO,HEMBRA,MEDIANO,false,SIN IDENTIFICAR
3210-CMMSI-SIN IDENTIFICAR,978101081213210,CANINO,MACHO,MEDIANO,false,SIN IDENTIFICAR
3217-CMMSI-SIN IDENTIFICAR,978101081213217,CANINO,MACHO,MEDIANO,false,SIN IDENTIFICAR
3229-CHMSI-SIN IDENTIFICAR,978101081213229,CANINO,HEMBRA,MEDIANO,false,SIN IDENTIFICAR
3234-FMMSI-SIN IDENTIFICAR,978101081213234,FELINO,MACHO,MEDIANO,false,SIN IDENTIFICAR
3244-FMMSI-SIN IDENTIFICAR,978101081213244,FELINO,MACHO,MEDIANO,false,SIN IDENTIFICAR
246-FHMSI-SIN IDENTIFICAR,978101081213246,FELINO,HEMBRA,MEDIANO,false,SIN IDENTIFICAR
3247-FMMSI-SIN IDENTIFICAR,978101081213247,FELINO,MACHO,MEDIANO,false,SIN IDENTIFICAR
3253-CHMSI-SIN IDENTIFICAR,978101081213253,CANINO,HEMBRA,MEDIANO,false,SIN IDENTIFICAR
3275-CHMSI-SIN IDENTIFICAR,978101081213275,CANINO,HEMBRA,MEDIANO,false,SIN IDENTIFICAR
3329-CHMSI-SIN IDENTIFICAR,978101081213329,CANINO,HEMBRA,MEDIANO,false,SIN IDENTIFICAR
13337-CHMSI-SIN IDENTIFICAR,978101081213337,CANINO,HEMBRA,MEDIANO,false,SIN IDENTIFICAR
3353-CHMSI-SIN IDENTIFICAR,978101081213353,CANINO,HEMBRA,MEDIANO,false,SIN IDENTIFICAR
3358-FHMSI-SIN IDENTIFICAR,978101081213358,FELINO,HEMBRA,MEDIANO,false,SIN IDENTIFICAR
364-CHMSI-SIN IDENTIFICAR,978101081213364,CANINO,HEMBRA,MEDIANO,false,SIN IDENTIFICAR
377-FMMSI-SIN IDENTIFICAR,978101081213377,FELINO,MACHO,MEDIANO,false,SIN IDENTIFICAR
3381-CHMSI-SIN IDENTIFICAR,978101081213381,CANINO,HEMBRA,MEDIANO,false,SIN IDENTIFICAR
386-CHMSI-SIN IDENTIFICAR,978101081213386,CANINO,HEMBRA,MEDIANO,false,SIN IDENTIFICAR
3403-CMMSI-SIN IDENTIFICAR,978101081213403,CANINO,MACHO,MEDIANO,false,SIN IDENTIFICAR
3412-CMMSI-SIN IDENTIFICAR,978101081213412,CANINO,MACHO,MEDIANO,false,SIN IDENTIFICAR
3421-FMMSI-SIN IDENTIFICAR,978101081213421,FELINO,MACHO,MEDIANO,false,SIN IDENTIFICAR
13434-CHMSI-SIN IDENTIFICAR,978101081213434,CANINO,HEMBRA,MEDIANO,false,SIN IDENTIFICAR
445-FMMSI-SIN IDENTIFICAR,978101081213445,FELINO,MACHO,MEDIANO,false,SIN IDENTIFICAR
13447-CHMSI-SIN IDENTIFICAR,978101081213447,CANINO,HEMBRA,MEDIANO,false,SIN IDENTIFICAR
3448-FMMSI-SIN IDENTIFICAR,978101081213448,FELINO,MACHO,MEDIANO,false,SIN IDENTIFICAR
3450-CHMSI-SIN IDENTIFICAR,978101081213450,CANINO,HEMBRA,MEDIANO,false,SIN IDENTIFICAR
3457-CHMSI-SIN IDENTIFICAR,978101081213457,CANINO,HEMBRA,MEDIANO,false,SIN IDENTIFICAR
3465-FMMSI-SIN IDENTIFICAR,978101081213465,FELINO,MACHO,MEDIANO,false,SIN IDENTIFICAR
3467-CMMSI-SIN IDENTIFICAR,978101081213467,CANINO,MACHO,MEDIANO,false,SIN IDENTIFICAR
3469-FHMSI-SIN IDENTIFICAR,978101081213469,FELINO,HEMBRA,MEDIANO,false,SIN IDENTIFICAR
3473-CMMSI-SIN IDENTIFICAR,978101081213473,CANINO,MACHO,MEDIANO,false,SIN IDENTIFICAR
474-CHMSI-SIN IDENTIFICAR,978101081213474,CANINO,HEMBRA,MEDIANO,false,SIN IDENTIFICAR
3482-CHMSI-SIN IDENTIFICAR,978101081213482,CANINO,HEMBRA,MEDIANO,false,SIN IDENTIFICAR
3498-CHMSI-SIN IDENTIFICAR,978101081213498,CANINO,HEMBRA,MEDIANO,false,SIN IDENTIFICAR
13531-CMMSI-SIN IDENTIFICAR,978101081213531,CANINO,MACHO,MEDIANO,false,SIN IDENTIFICAR
3544-CMMSI-SIN IDENTIFICAR,978101081213544,CANINO,MACHO,MEDIANO,false,SIN IDENTIFICAR
3566-CHMSI-SIN IDENTIFICAR,978101081213566,CANINO,HEMBRA,MEDIANO,false,SIN IDENTIFICAR
593-CHMSI-SIN IDENTIFICAR,978101081213593,CANINO,HEMBRA,MEDIANO,false,SIN IDENTIFICAR
3602-CHMSI-SIN IDENTIFICAR,978101081213602,CANINO,HEMBRA,MEDIANO,false,SIN IDENTIFICAR
618-FMMSI-SIN IDENTIFICAR,978101081213618,FELINO,MACHO,MEDIANO,false,SIN IDENTIFICAR
3629-FHMSI-SIN IDENTIFICAR,978101081213629,FELINO,HEMBRA,MEDIANO,false,SIN IDENTIFICAR
3650-CMMSI-SIN IDENTIFICAR,978101081213650,CANINO,MACHO,MEDIANO,false,SIN IDENTIFICAR
3651-CHMSI-SIN IDENTIFICAR,978101081213651,CANINO,HEMBRA,MEDIANO,false,SIN IDENTIFICAR
13652-CHMSI-SIN IDENTIFICAR,978101081213652,CANINO,HEMBRA,MEDIANO,false,SIN IDENTIFICAR
3653-CHMSI-SIN IDENTIFICAR,978101081213653,CANINO,HEMBRA,MEDIANO,false,SIN IDENTIFICAR
3663-CMMSI-SIN IDENTIFICAR,978101081213663,CANINO,MACHO,MEDIANO,false,SIN IDENTIFICAR
13667-CHMSI-SIN IDENTIFICAR,978101081213667,CANINO,HEMBRA,MEDIANO,false,SIN IDENTIFICAR
13669-CMMSI-SIN IDENTIFICAR,978101081213669,CANINO,MACHO,MEDIANO,false,SIN IDENTIFICAR
698-FHMSI-SIN IDENTIFICAR,978101081213698,FELINO,HEMBRA,MEDIANO,false,SIN IDENTIFICAR
13701-CHMSI-SIN IDENTIFICAR,978101081213701,CANINO,HEMBRA,MEDIANO,false,SIN IDENTIFICAR
706-FMMSI-SIN IDENTIFICAR,978101081213706,FELINO,MACHO,MEDIANO,false,SIN IDENTIFICAR
3711-CHMSI-SIN IDENTIFICAR,978101081213711,CANINO,HEMBRA,MEDIANO,false,SIN IDENTIFICAR
3714-CMMSI-SIN IDENTIFICAR,978101081213714,CANINO,MACHO,MEDIANO,false,SIN IDENTIFICAR
3716-FHMSI-SIN IDENTIFICAR,978101081213716,FELINO,HEMBRA,MEDIANO,false,SIN IDENTIFICAR
743-FMMSI-SIN IDENTIFICAR,978101081213743,FELINO,MACHO,MEDIANO,false,SIN IDENTIFICAR
3780-CHMSI-SIN IDENTIFICAR,978101081213780,CANINO,HEMBRA,MEDIANO,false,SIN IDENTIFICAR
3787-FHMSI-SIN IDENTIFICAR,978101081213787,FELINO,HEMBRA,MEDIANO,false,SIN IDENTIFICAR
3800-CMMSI-SIN IDENTIFICAR,978101081213800,CANINO,MACHO,MEDIANO,false,SIN IDENTIFICAR
3801-CMMSI-SIN IDENTIFICAR,978101081213801,CANINO,MACHO,MEDIANO,false,SIN IDENTIFICAR
3804-CMMSI-SIN IDENTIFICAR,978101081213804,CANINO,MACHO,MEDIANO,false,SIN IDENTIFICAR
816-FMMSI-SIN IDENTIFICAR,978101081213816,FELINO,MACHO,MEDIANO,false,SIN IDENTIFICAR
3818-CMMSI-SIN IDENTIFICAR,978101081213818,CANINO,MACHO,MEDIANO,false,SIN IDENTIFICAR
3819-CHMSI-SIN IDENTIFICAR,978101081213819,CANINO,HEMBRA,MEDIANO,false,SIN IDENTIFICAR
13827-CHMSI-SIN IDENTIFICAR,978101081213827,CANINO,HEMBRA,MEDIANO,false,SIN IDENTIFICAR
3834-CMMSI-SIN IDENTIFICAR,978101081213834,CANINO,MACHO,MEDIANO,false,SIN IDENTIFICAR
837-FMMSI-SIN IDENTIFICAR,978101081213837,FELINO,MACHO,MEDIANO,false,SIN IDENTIFICAR
862-CHMSI-SIN IDENTIFICAR,978101081213862,CANINO,HEMBRA,MEDIANO,false,SIN IDENTIFICAR
867-CHMSI-SIN IDENTIFICAR,978101081213867,CANINO,HEMBRA,MEDIANO,false,SIN IDENTIFICAR
4878-CMMSI-SIN IDENTIFICAR,978101081214878,CANINO,MACHO,MEDIANO,false,SIN IDENTIFICAR
4879-CMMSI-SIN IDENTIFICAR,978101081214879,CANINO,MACHO,MEDIANO,false,SIN IDENTIFICAR
4881-CMMSI-SIN IDENTIFICAR,978101081214881,CANINO,MACHO,MEDIANO,false,SIN IDENTIFICAR
4895-CMMSI-SIN IDENTIFICAR,978101081214895,CANINO,MACHO,MEDIANO,false,SIN IDENTIFICAR
4904-FHMSI-SIN IDENTIFICAR,978101081214904,FELINO,HEMBRA,MEDIANO,false,SIN IDENTIFICAR
4910-CHMSI-SIN IDENTIFICAR,978101081214910,CANINO,HEMBRA,MEDIANO,false,SIN IDENTIFICAR
4940-CMMSI-SIN IDENTIFICAR,978101081214940,CANINO,MACHO,MEDIANO,false,SIN IDENTIFICAR
4941-CHMSI-SIN IDENTIFICAR,978101081214941,CANINO,HEMBRA,MEDIANO,false,SIN IDENTIFICAR
4959-CHMSI-SIN IDENTIFICAR,978101081214959,CANINO,HEMBRA,MEDIANO,false,SIN IDENTIFICAR
4970-FHMSI-SIN IDENTIFICAR,978101081214970,FELINO,HEMBRA,MEDIANO,false,SIN IDENTIFICAR
4971-CHMSI-SIN IDENTIFICAR,978101081214971,CANINO,HEMBRA,MEDIANO,false,SIN IDENTIFICAR
972-CHMSI-SIN IDENTIFICAR,978101081214972,CANINO,HEMBRA,MEDIANO,false,SIN IDENTIFICAR
4986-CMMSI-SIN IDENTIFICAR,978101081214986,CANINO,MACHO,MEDIANO,false,SIN IDENTIFICAR
4987-CHMSI-SIN IDENTIFICAR,978101081214987,CANINO,HEMBRA,MEDIANO,false,SIN IDENTIFICAR
4990-FMMSI-SIN IDENTIFICAR,978101081214990,FELINO,MACHO,MEDIANO,false,SIN IDENTIFICAR
4997-CHMSI-SIN IDENTIFICAR,978101081214997,CANINO,HEMBRA,MEDIANO,false,SIN IDENTIFICAR
5001-CHMSI-SIN IDENTIFICAR,978101081215001,CANINO,HEMBRA,MEDIANO,false,SIN IDENTIFICAR
15015-CHMSI-SIN IDENTIFICAR,978101081215015,CANINO,HEMBRA,MEDIANO,false,SIN IDENTIFICAR
016-FHMSI-SIN IDENTIFICAR,978101081215016,FELINO,HEMBRA,MEDIANO,false,SIN IDENTIFICAR
5023-CMMSI-SIN IDENTIFICAR,978101081215023,CANINO,MACHO,MEDIANO,false,SIN IDENTIFICAR
041-FMMSI-SIN IDENTIFICAR,978101081215041,FELINO,MACHO,MEDIANO,false,SIN IDENTIFICAR
5055-CMMSI-SIN IDENTIFICAR,978101081215055,CANINO,MACHO,MEDIANO,false,SIN IDENTIFICAR
5066-CHMSI-SIN IDENTIFICAR,978101081215066,CANINO,HEMBRA,MEDIANO,false,SIN IDENTIFICAR
15067-CHMSI-SIN IDENTIFICAR,978101081215067,CANINO,HEMBRA,MEDIANO,false,SIN IDENTIFICAR
5072-CHMSI-SIN IDENTIFICAR,978101081215072,CANINO,HEMBRA,MEDIANO,false,SIN IDENTIFICAR
095-FMMSI-SIN IDENTIFICAR,978101081215095,FELINO,MACHO,MEDIANO,false,SIN IDENTIFICAR
5097-CMMSI-SIN IDENTIFICAR,978101081215097,CANINO,MACHO,MEDIANO,false,SIN IDENTIFICAR
5102-CHMSI-SIN IDENTIFICAR,978101081215102,CANINO,HEMBRA,MEDIANO,false,SIN IDENTIFICAR
5123-CMMSI-SIN IDENTIFICAR,978101081215123,CANINO,MACHO,MEDIANO,false,SIN IDENTIFICAR
5126-CHMSI-SIN IDENTIFICAR,978101081215126,CANINO,HEMBRA,MEDIANO,false,SIN IDENTIFICAR
15130-CHMSI-SIN IDENTIFICAR,978101081215130,CANINO,HEMBRA,MEDIANO,false,SIN IDENTIFICAR
141-FHMSI-SIN IDENTIFICAR,978101081215141,FELINO,HEMBRA,MEDIANO,false,SIN IDENTIFICAR
5159-CHMSI-SIN IDENTIFICAR,978101081215159,CANINO,HEMBRA,MEDIANO,false,SIN IDENTIFICAR
5162-CHMSI-SIN IDENTIFICAR,978101081215162,CANINO,HEMBRA,MEDIANO,false,SIN IDENTIFICAR
163-FHMSI-SIN IDENTIFICAR,978101081215163,FELINO,HEMBRA,MEDIANO,false,SIN IDENTIFICAR
5184-CMMSI-SIN IDENTIFICAR,978101081215184,CANINO,MACHO,MEDIANO,false,SIN IDENTIFICAR
223-CHMSI-SIN IDENTIFICAR,978101081215223,CANINO,HEMBRA,MEDIANO,false,SIN IDENTIFICAR
229-FMMSI-SIN IDENTIFICAR,978101081215229,FELINO,MACHO,MEDIANO,false,SIN IDENTIFICAR
5231-CMMSI-SIN IDENTIFICAR,978101081215231,CANINO,MACHO,MEDIANO,false,SIN IDENTIFICAR
5238-FHMSI-SIN IDENTIFICAR,978101081215238,FELINO,HEMBRA,MEDIANO,false,SIN IDENTIFICAR
5243-CHMSI-SIN IDENTIFICAR,978101081215243,CANINO,HEMBRA,MEDIANO,false,SIN IDENTIFICAR
5253-CHMSI-SIN IDENTIFICAR,978101081215253,CANINO,HEMBRA,MEDIANO,false,SIN IDENTIFICAR
5271-CMMSI-SIN IDENTIFICAR,978101081215271,CANINO,MACHO,MEDIANO,false,SIN IDENTIFICAR
5274-FHMSI-SIN IDENTIFICAR,978101081215274,FELINO,HEMBRA,MEDIANO,false,SIN IDENTIFICAR
5303-CHMSI-SIN IDENTIFICAR,978101081215303,CANINO,HEMBRA,MEDIANO,false,SIN IDENTIFICAR
5309-CHMSI-SIN IDENTIFICAR,978101081215309,CANINO,HEMBRA,MEDIANO,false,SIN IDENTIFICAR
312-FMMSI-SIN IDENTIFICAR,978101081215312,FELINO,MACHO,MEDIANO,false,SIN IDENTIFICAR
5335-CMMSI-SIN IDENTIFICAR,978101081215335,CANINO,MACHO,MEDIANO,false,SIN IDENTIFICAR
5344-FMMSI-SIN IDENTIFICAR,978101081215344,FELINO,MACHO,MEDIANO,false,SIN IDENTIFICAR
5347-CMMSI-SIN IDENTIFICAR,978101081215347,CANINO,MACHO,MEDIANO,false,SIN IDENTIFICAR
358-FMMSI-SIN IDENTIFICAR,978101081215358,FELINO,MACHO,MEDIANO,false,SIN IDENTIFICAR
378-FHMSI-SIN IDENTIFICAR,978101081215378,FELINO,HEMBRA,MEDIANO,false,SIN IDENTIFICAR
5403-FMMSI-SIN IDENTIFICAR,978101081215403,FELINO,MACHO,MEDIANO,false,SIN IDENTIFICAR
5430-CHMSI-SIN IDENTIFICAR,978101081215430,CANINO,HEMBRA,MEDIANO,false,SIN IDENTIFICAR
5436-CHMSI-SIN IDENTIFICAR,978101081215436,CANINO,HEMBRA,MEDIANO,false,SIN IDENTIFICAR
5443-FMMSI-SIN IDENTIFICAR,978101081215443,FELINO,MACHO,MEDIANO,false,SIN IDENTIFICAR
15445-FHMSI-SIN IDENTIFICAR,978101081215445,FELINO,HEMBRA,MEDIANO,false,SIN IDENTIFICAR
5467-FMMSI-SIN IDENTIFICAR,978101081215467,FELINO,MACHO,MEDIANO,false,SIN IDENTIFICAR
5474-FHMSI-SIN IDENTIFICAR,978101081215474,FELINO,HEMBRA,MEDIANO,false,SIN IDENTIFICAR
5477-CHMSI-SIN IDENTIFICAR,978101081215477,CANINO,HEMBRA,MEDIANO,false,SIN IDENTIFICAR
5478-CMMSI-SIN IDENTIFICAR,978101081215478,CANINO,MACHO,MEDIANO,false,SIN IDENTIFICAR
15487-CMMSI-SIN IDENTIFICAR,978101081215487,CANINO,MACHO,MEDIANO,false,SIN IDENTIFICAR
502-CMMSI-SIN IDENTIFICAR,978101081215502,CANINO,MACHO,MEDIANO,false,SIN IDENTIFICAR
526-FHMSI-SIN IDENTIFICAR,978101081215526,FELINO,HEMBRA,MEDIANO,false,SIN IDENTIFICAR
5528-CHMSI-SIN IDENTIFICAR,978101081215528,CANINO,HEMBRA,MEDIANO,false,SIN IDENTIFICAR
545-CMMSI-SIN IDENTIFICAR,978101081215545,CANINO,MACHO,MEDIANO,false,SIN IDENTIFICAR
15549-CMMSI-SIN IDENTIFICAR,978101081215549,CANINO,MACHO,MEDIANO,false,SIN IDENTIFICAR
5569-CMMSI-SIN IDENTIFICAR,978101081215569,CANINO,MACHO,MEDIANO,false,SIN IDENTIFICAR
5585-CHMSI-SIN IDENTIFICAR,978101081215585,CANINO,HEMBRA,MEDIANO,false,SIN IDENTIFICAR
15587-CMMSI-SIN IDENTIFICAR,978101081215587,CANINO,MACHO,MEDIANO,false,SIN IDENTIFICAR
5590-CHMSI-SIN IDENTIFICAR,978101081215590,CANINO,HEMBRA,MEDIANO,false,SIN IDENTIFICAR
592-FMMSI-SIN IDENTIFICAR,978101081215592,FELINO,MACHO,MEDIANO,false,SIN IDENTIFICAR
5595-CMMSI-SIN IDENTIFICAR,978101081215595,CANINO,MACHO,MEDIANO,false,SIN IDENTIFICAR
5596-CMMSI-SIN IDENTIFICAR,978101081215596,CANINO,MACHO,MEDIANO,false,SIN IDENTIFICAR
5599-CHMSI-SIN IDENTIFICAR,978101081215599,CANINO,HEMBRA,MEDIANO,false,SIN IDENTIFICAR
15603-CMMSI-SIN IDENTIFICAR,978101081215603,CANINO,MACHO,MEDIANO,false,SIN IDENTIFICAR
5605-CMMSI-SIN IDENTIFICAR,978101081215605,CANINO,MACHO,MEDIANO,false,SIN IDENTIFICAR
5606-FMMSI-SIN IDENTIFICAR,978101081215606,FELINO,MACHO,MEDIANO,false,SIN IDENTIFICAR
5608-CHMSI-SIN IDENTIFICAR,978101081215608,CANINO,HEMBRA,MEDIANO,false,SIN IDENTIFICAR
5615-CHMSI-SIN IDENTIFICAR,978101081215615,CANINO,HEMBRA,MEDIANO,false,SIN IDENTIFICAR
5630-FMMSI-SIN IDENTIFICAR,978101081215630,FELINO,MACHO,MEDIANO,false,SIN IDENTIFICAR
5642-CMMSI-SIN IDENTIFICAR,978101081215642,CANINO,MACHO,MEDIANO,false,SIN IDENTIFICAR
645-FMMSI-SIN IDENTIFICAR,978101081215645,FELINO,MACHO,MEDIANO,false,SIN IDENTIFICAR
5650-CHMSI-SIN IDENTIFICAR,978101081215650,CANINO,HEMBRA,MEDIANO,false,SIN IDENTIFICAR
5661-CMMSI-SIN IDENTIFICAR,978101081215661,CANINO,MACHO,MEDIANO,false,SIN IDENTIFICAR
5672-FHMSI-SIN IDENTIFICAR,978101081215672,FELINO,HEMBRA,MEDIANO,false,SIN IDENTIFICAR
5685-FHMSI-SIN IDENTIFICAR,978101081215685,FELINO,HEMBRA,MEDIANO,false,SIN IDENTIFICAR
15708-CMMSI-SIN IDENTIFICAR,978101081215708,CANINO,MACHO,MEDIANO,false,SIN IDENTIFICAR
5753-CMMSI-SIN IDENTIFICAR,978101081215753,CANINO,MACHO,MEDIANO,false,SIN IDENTIFICAR
5754-FHMSI-SIN IDENTIFICAR,978101081215754,FELINO,HEMBRA,MEDIANO,false,SIN IDENTIFICAR
5760-CHMSI-SIN IDENTIFICAR,978101081215760,CANINO,HEMBRA,MEDIANO,false,SIN IDENTIFICAR
5769-FHMSI-SIN IDENTIFICAR,978101081215769,FELINO,HEMBRA,MEDIANO,false,SIN IDENTIFICAR
5807-CHMSI-SIN IDENTIFICAR,978101081215807,CANINO,HEMBRA,MEDIANO,false,SIN IDENTIFICAR
5816-CHMSI-SIN IDENTIFICAR,978101081215816,CANINO,HEMBRA,MEDIANO,false,SIN IDENTIFICAR
5837-CHMSI-SIN IDENTIFICAR,978101081215837,CANINO,HEMBRA,MEDIANO,false,SIN IDENTIFICAR
5839-FHMSI-SIN IDENTIFICAR,978101081215839,FELINO,HEMBRA,MEDIANO,false,SIN IDENTIFICAR
5842-CHMSI-SIN IDENTIFICAR,978101081215842,CANINO,HEMBRA,MEDIANO,false,SIN IDENTIFICAR
15845-CMMSI-SIN IDENTIFICAR,978101081215845,CANINO,MACHO,MEDIANO,false,SIN IDENTIFICAR
5848-CMMSI-SIN IDENTIFICAR,978101081215848,CANINO,MACHO,MEDIANO,false,SIN IDENTIFICAR
876-FMMSI-SIN IDENTIFICAR,978101081215876,FELINO,MACHO,MEDIANO,false,SIN IDENTIFICAR
15906-CMMSI-SIN IDENTIFICAR,978101081215906,CANINO,MACHO,MEDIANO,false,SIN IDENTIFICAR
15919-CMMSI-SIN IDENTIFICAR,978101081215919,CANINO,MACHO,MEDIANO,false,SIN IDENTIFICAR
5952-CMMSI-SIN IDENTIFICAR,978101081215952,CANINO,MACHO,MEDIANO,false,SIN IDENTIFICAR
5963-CMMSI-SIN IDENTIFICAR,978101081215963,CANINO,MACHO,MEDIANO,false,SIN IDENTIFICAR
6042-FMMSI-SIN IDENTIFICAR,978101081216042,FELINO,MACHO,MEDIANO,false,SIN IDENTIFICAR
6063-CHMSI-SIN IDENTIFICAR,978101081216063,CANINO,HEMBRA,MEDIANO,false,SIN IDENTIFICAR
6066-FHMSI-SIN IDENTIFICAR,978101081216066,FELINO,HEMBRA,MEDIANO,false,SIN IDENTIFICAR
6089-CHMSI-SIN IDENTIFICAR,978101081216089,CANINO,HEMBRA,MEDIANO,false,SIN IDENTIFICAR
105-CHGSI-SIN IDENTIFICAR,978101081216105,CANINO,HEMBRA,GRANDE,false,SIN IDENTIFICAR
114-FHMSI-SIN IDENTIFICAR,978101081216114,FELINO,HEMBRA,MEDIANO,false,SIN IDENTIFICAR
6146-CHMSI-SIN IDENTIFICAR,978101081216146,CANINO,HEMBRA,MEDIANO,false,SIN IDENTIFICAR
149-FHMSI-SIN IDENTIFICAR,978101081216149,FELINO,HEMBRA,MEDIANO,false,SIN IDENTIFICAR
6176-CHMSI-SIN IDENTIFICAR,978101081216176,CANINO,HEMBRA,MEDIANO,false,SIN IDENTIFICAR
6239-CHMSI-SIN IDENTIFICAR,978101081216239,CANINO,HEMBRA,MEDIANO,false,SIN IDENTIFICAR
6250-CMMSI-SIN IDENTIFICAR,978101081216250,CANINO,MACHO,MEDIANO,false,SIN IDENTIFICAR
6254-CMMSI-SIN IDENTIFICAR,978101081216254,CANINO,MACHO,MEDIANO,false,SIN IDENTIFICAR
6262-CMMSI-SIN IDENTIFICAR,978101081216262,CANINO,MACHO,MEDIANO,false,SIN IDENTIFICAR
6274-FMMSI-SIN IDENTIFICAR,978101081216274,FELINO,MACHO,MEDIANO,false,SIN IDENTIFICAR
312-FHMSI-SIN IDENTIFICAR,978101081216312,FELINO,HEMBRA,MEDIANO,false,SIN IDENTIFICAR
6323-FMMSI-SIN IDENTIFICAR,978101081216323,FELINO,MACHO,MEDIANO,false,SIN IDENTIFICAR
6338-CHMSI-SIN IDENTIFICAR,978101081216338,CANINO,HEMBRA,MEDIANO,false,SIN IDENTIFICAR
343-CHMSI-SIN IDENTIFICAR,978101081216343,CANINO,HEMBRA,MEDIANO,false,SIN IDENTIFICAR
6352-CHMSI-SIN IDENTIFICAR,978101081216352,CANINO,HEMBRA,MEDIANO,false,SIN IDENTIFICAR
6386-FHMSI-SIN IDENTIFICAR,978101081216386,FELINO,HEMBRA,MEDIANO,false,SIN IDENTIFICAR
6391-FHMSI-SIN IDENTIFICAR,978101081216391,FELINO,HEMBRA,MEDIANO,false,SIN IDENTIFICAR
6393-CHMSI-SIN IDENTIFICAR,978101081216393,CANINO,HEMBRA,MEDIANO,false,SIN IDENTIFICAR
411-FMMSI-SIN IDENTIFICAR,978101081216411,FELINO,MACHO,MEDIANO,false,SIN IDENTIFICAR
6413-CHMSI-SIN IDENTIFICAR,978101081216413,CANINO,HEMBRA,MEDIANO,false,SIN IDENTIFICAR
6415-CMMSI-SIN IDENTIFICAR,978101081216415,CANINO,MACHO,MEDIANO,false,SIN IDENTIFICAR
6429-CMMSI-SIN IDENTIFICAR,978101081216429,CANINO,MACHO,MEDIANO,false,SIN IDENTIFICAR
16438-CMMSI-SIN IDENTIFICAR,978101081216438,CANINO,MACHO,MEDIANO,false,SIN IDENTIFICAR
6439-CMMSI-SIN IDENTIFICAR,978101081216439,CANINO,MACHO,MEDIANO,false,SIN IDENTIFICAR
6451-CMMSI-SIN IDENTIFICAR,978101081216451,CANINO,MACHO,MEDIANO,false,SIN IDENTIFICAR
453-FMMSI-SIN IDENTIFICAR,978101081216453,FELINO,MACHO,MEDIANO,false,SIN IDENTIFICAR
6489-CHMSI-SIN IDENTIFICAR,978101081216489,CANINO,HEMBRA,MEDIANO,false,SIN IDENTIFICAR
6503-FHMSI-SIN IDENTIFICAR,978101081216503,FELINO,HEMBRA,MEDIANO,false,SIN IDENTIFICAR
6505-CHMSI-SIN IDENTIFICAR,978101081216505,CANINO,HEMBRA,MEDIANO,false,SIN IDENTIFICAR
508-FMMSI-SIN IDENTIFICAR,978101081216508,FELINO,MACHO,MEDIANO,false,SIN IDENTIFICAR
6517-CMMSI-SIN IDENTIFICAR,978101081216517,CANINO,MACHO,MEDIANO,false,SIN IDENTIFICAR
16531-CMMSI-SIN IDENTIFICAR,978101081216531,CANINO,MACHO,MEDIANO,false,SIN IDENTIFICAR
6555-CHMSI-SIN IDENTIFICAR,978101081216555,CANINO,HEMBRA,MEDIANO,false,SIN IDENTIFICAR
6556-CMMSI-SIN IDENTIFICAR,978101081216556,CANINO,MACHO,MEDIANO,false,SIN IDENTIFICAR
6579-CHMSI-SIN IDENTIFICAR,978101081216579,CANINO,HEMBRA,MEDIANO,false,SIN IDENTIFICAR
6602-CHMSI-SIN IDENTIFICAR,978101081216602,CANINO,HEMBRA,MEDIANO,false,SIN IDENTIFICAR
6609-CHMSI-SIN IDENTIFICAR,978101081216609,CANINO,HEMBRA,MEDIANO,false,SIN IDENTIFICAR
6629-CMMSI-SIN IDENTIFICAR,978101081216629,CANINO,MACHO,MEDIANO,false,SIN IDENTIFICAR
6632-CHMSI-SIN IDENTIFICAR,978101081216632,CANINO,HEMBRA,MEDIANO,false,SIN IDENTIFICAR
6645-CMMSI-SIN IDENTIFICAR,978101081216645,CANINO,MACHO,MEDIANO,false,SIN IDENTIFICAR
6649-CMMSI-SIN IDENTIFICAR,978101081216649,CANINO,MACHO,MEDIANO,false,SIN IDENTIFICAR
6657-CHMSI-SIN IDENTIFICAR,978101081216657,CANINO,HEMBRA,MEDIANO,false,SIN IDENTIFICAR
6679-CMMSI-SIN IDENTIFICAR,978101081216679,CANINO,MACHO,MEDIANO,false,SIN IDENTIFICAR
6680-CMMSI-SIN IDENTIFICAR,978101081216680,CANINO,MACHO,MEDIANO,false,SIN IDENTIFICAR
6687-CMMSI-SIN IDENTIFICAR,978101081216687,CANINO,MACHO,MEDIANO,false,SIN IDENTIFICAR
16700-CMMSI-SIN IDENTIFICAR,978101081216700,CANINO,MACHO,MEDIANO,false,SIN IDENTIFICAR
705-FMMSI-SIN IDENTIFICAR,978101081216705,FELINO,MACHO,MEDIANO,false,SIN IDENTIFICAR
6718-CHMSI-SIN IDENTIFICAR,978101081216718,CANINO,HEMBRA,MEDIANO,false,SIN IDENTIFICAR
6719-CHMSI-SIN IDENTIFICAR,978101081216719,CANINO,HEMBRA,MEDIANO,false,SIN IDENTIFICAR
722-CHMSI-SIN IDENTIFICAR,978101081216722,CANINO,HEMBRA,MEDIANO,false,SIN IDENTIFICAR
6724-CHMSI-SIN IDENTIFICAR,978101081216724,CANINO,HEMBRA,MEDIANO,false,SIN IDENTIFICAR
6740-CMMSI-SIN IDENTIFICAR,978101081216740,CANINO,MACHO,MEDIANO,false,SIN IDENTIFICAR
6743-FMMSI-SIN IDENTIFICAR,978101081216743,FELINO,MACHO,MEDIANO,false,SIN IDENTIFICAR
6764-CHMSI-SIN IDENTIFICAR,978101081216764,CANINO,HEMBRA,MEDIANO,false,SIN IDENTIFICAR
6770-CHMSI-SIN IDENTIFICAR,978101081216770,CANINO,HEMBRA,MEDIANO,false,SIN IDENTIFICAR
6783-CHMSI-SIN IDENTIFICAR,978101081216783,CANINO,HEMBRA,MEDIANO,false,SIN IDENTIFICAR
6786-CMMSI-SIN IDENTIFICAR,978101081216786,CANINO,MACHO,MEDIANO,false,SIN IDENTIFICAR
6791-CMMSI-SIN IDENTIFICAR,978101081216791,CANINO,MACHO,MEDIANO,false,SIN IDENTIFICAR
6799-CMMSI-SIN IDENTIFICAR,978101081216799,CANINO,MACHO,MEDIANO,false,SIN IDENTIFICAR
809-FHMSI-SIN IDENTIFICAR,978101081216809,FELINO,HEMBRA,MEDIANO,false,SIN IDENTIFICAR
16817-CMMSI-SIN IDENTIFICAR,978101081216817,CANINO,MACHO,MEDIANO,false,SIN IDENTIFICAR
6819-CHMSI-SIN IDENTIFICAR,978101081216819,CANINO,HEMBRA,MEDIANO,false,SIN IDENTIFICAR
6821-FMMSI-SIN IDENTIFICAR,978101081216821,FELINO,MACHO,MEDIANO,false,SIN IDENTIFICAR
6829-CHMSI-SIN IDENTIFICAR,978101081216829,CANINO,HEMBRA,MEDIANO,false,SIN IDENTIFICAR
6845-CMMSI-SIN IDENTIFICAR,978101081216845,CANINO,MACHO,MEDIANO,false,SIN IDENTIFICAR
6848-CHMSI-SIN IDENTIFICAR,978101081216848,CANINO,HEMBRA,MEDIANO,false,SIN IDENTIFICAR
6870-CMMSI-SIN IDENTIFICAR,978101081216870,CANINO,MACHO,MEDIANO,false,SIN IDENTIFICAR
6877-CHMSI-SIN IDENTIFICAR,978101081216877,CANINO,HEMBRA,MEDIANO,false,SIN IDENTIFICAR
6880-FHMSI-SIN IDENTIFICAR,978101081216880,FELINO,HEMBRA,MEDIANO,false,SIN IDENTIFICAR
6961-CHMSI-SIN IDENTIFICAR,978101081216961,CANINO,HEMBRA,MEDIANO,false,SIN IDENTIFICAR
17460-CMMSI-SIN IDENTIFICAR,978101081217460,CANINO,MACHO,MEDIANO,false,SIN IDENTIFICAR
9392-FMMSI-SIN IDENTIFICAR,978101081219392,FELINO,MACHO,MEDIANO,false,SIN IDENTIFICAR
897-FMMSI-SIN IDENTIFICAR,978101081228897,FELINO,MACHO,MEDIANO,false,SIN IDENTIFICAR
9162-FMMSI-SIN IDENTIFICAR,978101081229162,FELINO,MACHO,MEDIANO,false,SIN IDENTIFICAR
4072-CMMSI-SIN IDENTIFICAR,978101081234072,CANINO,MACHO,MEDIANO,false,SIN IDENTIFICAR
4426-CMMSI-SIN IDENTIFICAR,978101081234426,CANINO,MACHO,MEDIANO,false,SIN IDENTIFICAR
4639-CHMSI-SIN IDENTIFICAR,978101081234639,CANINO,HEMBRA,MEDIANO,false,SIN IDENTIFICAR
4728-CHMSI-SIN IDENTIFICAR,978101081234728,CANINO,HEMBRA,MEDIANO,false,SIN IDENTIFICAR
4759-CHMSI-SIN IDENTIFICAR,978101081234759,CANINO,HEMBRA,MEDIANO,false,SIN IDENTIFICAR
760-CMMSI-SIN IDENTIFICAR,978101081234760,CANINO,MACHO,MEDIANO,false,SIN IDENTIFICAR
4911-CMMSI-SIN IDENTIFICAR,978101081234911,CANINO,MACHO,MEDIANO,false,SIN IDENTIFICAR
7520-CHMSI-SIN IDENTIFICAR,978101081237520,CANINO,HEMBRA,MEDIANO,false,SIN IDENTIFICAR
7769-CHMSI-SIN IDENTIFICAR,978101081237769,CANINO,HEMBRA,MEDIANO,false,SIN IDENTIFICAR
9875-CHMSI-SIN IDENTIFICAR,978101081239875,CANINO,HEMBRA,MEDIANO,false,SIN IDENTIFICAR
7724-FMMSI-SIN IDENTIFICAR,978101081797724,FELINO,MACHO,MEDIANO,false,SIN IDENTIFICAR
7243-CHMSI-SIN IDENTIFICAR,978101081917243,CANINO,HEMBRA,MINIATURA,false,SIN IDENTIFICAR
7280-FMMSI-SIN IDENTIFICAR,978101081917280,FELINO,MACHO,MEDIANO,false,SIN IDENTIFICAR
431-CHPSI-SIN IDENTIFICAR,978101081917431,CANINO,HEMBRA,PEQUEÑO,false,SIN IDENTIFICAR
648-CMPSI-SIN IDENTIFICAR,978101081917648,CANINO,MACHO,PEQUEÑO,false,SIN IDENTIFICAR
958-CMGSI-SIN IDENTIFICAR,978101081917958,CANINO,MACHO,GRANDE,false,SIN IDENTIFICAR
648-CHGSI-SIN IDENTIFICAR,978101081919648,CANINO,HEMBRA,GRANDE,false,SIN IDENTIFICAR
9906-FHMSI-SIN IDENTIFICAR,978101081919906,FELINO,HEMBRA,MEDIANO,false,SIN IDENTIFICAR
106-FHPSI-SIN IDENTIFICAR,978101081920106,FELINO,HEMBRA,PEQUEÑO,false,SIN IDENTIFICAR
317-CMPSI-SIN IDENTIFICAR,978101081920317,CANINO,MACHO,PEQUEÑO,false,SIN IDENTIFICAR
547-CMGSI-SIN IDENTIFICAR,978101081920547,CANINO,MACHO,GRANDE,false,SIN IDENTIFICAR
727-FHPSI-SIN IDENTIFICAR,978101081920727,FELINO,HEMBRA,PEQUEÑO,false,SIN IDENTIFICAR
0755-CMMSI-SIN IDENTIFICAR,978101081920755,CANINO,MACHO,MEDIANO,false,SIN IDENTIFICAR
0871-CMMSI-SIN IDENTIFICAR,978101081920871,CANINO,MACHO,MEDIANO,false,SIN IDENTIFICAR
0873-FMMSI-SIN IDENTIFICAR,978101081920873,FELINO,MACHO,MEDIANO,false,SIN IDENTIFICAR
2411-FHMSI-SIN IDENTIFICAR,978101081922411,FELINO,HEMBRA,MEDIANO,false,SIN IDENTIFICAR
423-CMGNO-SIN IDENTIFICAR,978101081922423,CANINO,MACHO,GRANDE,true,SIN IDENTIFICAR
22717-FHMSI-SIN IDENTIFICAR,978101081922717,FELINO,HEMBRA,MEDIANO,false,SIN IDENTIFICAR
627-CHGSI-SIN IDENTIFICAR,978101081923627,CANINO,HEMBRA,GRANDE,false,SIN IDENTIFICAR
4029-CHMSI-SIN IDENTIFICAR,978101081924029,CANINO,HEMBRA,MINIATURA,false,SIN IDENTIFICAR
040-CHPSI-SIN IDENTIFICAR,978101081924040,CANINO,HEMBRA,PEQUEÑO,false,SIN IDENTIFICAR
053-CMMSI-SIN IDENTIFICAR,978101081924053,CANINO,MACHO,MEDIANO,false,SIN IDENTIFICAR
088-CHPSI-SIN IDENTIFICAR,978101081924088,CANINO,HEMBRA,PEQUEÑO,false,SIN IDENTIFICAR
111-CHMNO-SIN IDENTIFICAR,978101081924111,CANINO,HEMBRA,MEDIANO,true,SIN IDENTIFICAR
192-CHPSI-SIN IDENTIFICAR,978101081924192,CANINO,HEMBRA,PEQUEÑO,false,SIN IDENTIFICAR
4271-CMMSI-SIN IDENTIFICAR,978101081924271,CANINO,MACHO,MEDIANO,false,SIN IDENTIFICAR
281-CMGSI-SIN IDENTIFICAR,978101081924281,CANINO,MACHO,GRANDE,false,SIN IDENTIFICAR
4371-CHMSI-SIN IDENTIFICAR,978101081924371,CANINO,HEMBRA,MINIATURA,false,SIN IDENTIFICAR
408-CMMSI-SIN IDENTIFICAR,978101081924408,CANINO,MACHO,MEDIANO,false,SIN IDENTIFICAR
697-CMPSI-SIN IDENTIFICAR,978101081924697,CANINO,MACHO,PEQUEÑO,false,SIN IDENTIFICAR
720-CHPSI-SIN IDENTIFICAR,978101081924720,CANINO,HEMBRA,PEQUEÑO,false,SIN IDENTIFICAR
374-FHPSI-SIN IDENTIFICAR,978101081926374,FELINO,HEMBRA,PEQUEÑO,false,SIN IDENTIFICAR
26770-CHMSI-SIN IDENTIFICAR,978101081926770,CANINO,HEMBRA,MEDIANO,false,SIN IDENTIFICAR
033-FHPSI-SIN IDENTIFICAR,978101081927033,FELINO,HEMBRA,PEQUEÑO,false,SIN IDENTIFICAR
7143-CHMSI-SIN IDENTIFICAR,978101081927143,CANINO,HEMBRA,MEDIANO,false,SIN IDENTIFICAR
7343-CMMSI-SIN IDENTIFICAR,978101081927343,CANINO,MACHO,MINIATURA,false,SIN IDENTIFICAR
8135-CHMSI-SIN IDENTIFICAR,978101081928135,CANINO,HEMBRA,MEDIANO,false,SIN IDENTIFICAR
79517-CHMSI-SIN IDENTIFICAR,978107080579517,CANINO,HEMBRA,MEDIANO,false,SIN IDENTIFICAR
9189-FHMSI-SIN IDENTIFICAR,978107080929189,FELINO,HEMBRA,MEDIANO,false,SIN IDENTIFICAR
357-FHMSI-SIN IDENTIFICAR,978107080929357,FELINO,HEMBRA,MEDIANO,false,SIN IDENTIFICAR
5109-CMMSI-SIN IDENTIFICAR,978107081155109,CANINO,MACHO,MEDIANO,false,SIN IDENTIFICAR
080-CMMSI-SIN IDENTIFICAR,978538668101080,CANINO,MACHO,MEDIANO,false,SIN IDENTIFICAR
0729-CMMSI-SIN IDENTIFICAR,978978101080729,CANINO,MACHO,MEDIANO,false,SIN IDENTIFICAR
1002-CMMSI-SIN IDENTIFICAR,978978101081002,CANINO,MACHO,MEDIANO,false,SIN IDENTIFICAR
7134-CMMSI-SIN IDENTIFICAR,979101081207134,CANINO,MACHO,MEDIANO,false,SIN IDENTIFICAR
8850-CHMSI-SIN IDENTIFICAR,979101081208850,CANINO,HEMBRA,MEDIANO,false,SIN IDENTIFICAR
0762-CHMSI-SIN IDENTIFICAR,979101081210762,CANINO,HEMBRA,MEDIANO,false,SIN IDENTIFICAR
0546-CMMSI-SIN IDENTIFICAR,981000002400546,CANINO,MACHO,MEDIANO,false,SIN IDENTIFICAR
3528-CHMSI-SIN IDENTIFICAR,981000002403528,CANINO,HEMBRA,MEDIANO,false,SIN IDENTIFICAR
7362-CHMSI-SIN IDENTIFICAR,981000002407362,CANINO,HEMBRA,MEDIANO,false,SIN IDENTIFICAR
364-CMMSI-SIN IDENTIFICAR,981000002408364,CANINO,MACHO,MEDIANO,false,SIN IDENTIFICAR
8820-CHMSI-SIN IDENTIFICAR,981000002408820,CANINO,HEMBRA,MEDIANO,false,SIN IDENTIFICAR
7718-CMMSI-SIN IDENTIFICAR,981000002417718,CANINO,MACHO,MEDIANO,false,SIN IDENTIFICAR
0361-CHMSI-SIN IDENTIFICAR,981000003620361,CANINO,HEMBRA,MEDIANO,false,SIN IDENTIFICAR
354-CMMSI-SIN IDENTIFICAR,981000013620354,CANINO,MACHO,MEDIANO,false,SIN IDENTIFICAR
2559-CMMSI-SIN IDENTIFICAR,981010001372559,CANINO,MACHO,MEDIANO,false,SIN IDENTIFICAR
9863-CMMSI-SIN IDENTIFICAR,981098102479863,CANINO,MACHO,MEDIANO,false,SIN IDENTIFICAR
9065-CMMSI-SIN IDENTIFICAR,981098102549065,CANINO,MACHO,MEDIANO,false,SIN IDENTIFICAR
3631-CHMSI-SIN IDENTIFICAR,981098102793631,CANINO,HEMBRA,MEDIANO,false,SIN IDENTIFICAR
019-CMMSI-SIN IDENTIFICAR,981100000245019,CANINO,MACHO,MEDIANO,false,SIN IDENTIFICAR
8423-CHMSI-SIN IDENTIFICAR,981100002398423,CANINO,HEMBRA,MEDIANO,false,SIN IDENTIFICAR
8573-CHMSI-SIN IDENTIFICAR,981100002398573,CANINO,HEMBRA,MEDIANO,false,SIN IDENTIFICAR
8596-CMMSI-SIN IDENTIFICAR,981100002398596,CANINO,MACHO,MEDIANO,false,SIN IDENTIFICAR
8703-CHMSI-SIN IDENTIFICAR,981100002398703,CANINO,HEMBRA,MEDIANO,false,SIN IDENTIFICAR
8811-CMMSI-SIN IDENTIFICAR,981100002398811,CANINO,MACHO,MEDIANO,false,SIN IDENTIFICAR
9436-CMMSI-SIN IDENTIFICAR,981100002399436,CANINO,MACHO,MEDIANO,false,SIN IDENTIFICAR
99569-CMMSI-SIN IDENTIFICAR,981100002399569,CANINO,MACHO,MEDIANO,false,SIN IDENTIFICAR
99612-CMMSI-SIN IDENTIFICAR,981100002399612,CANINO,MACHO,MEDIANO,false,SIN IDENTIFICAR
9662-CMMSI-SIN IDENTIFICAR,981100002399662,CANINO,MACHO,MEDIANO,false,SIN IDENTIFICAR
99706-CMMSI-SIN IDENTIFICAR,981100002399706,CANINO,MACHO,MEDIANO,false,SIN IDENTIFICAR
9738-CHMSI-SIN IDENTIFICAR,981100002399738,CANINO,HEMBRA,MEDIANO,false,SIN IDENTIFICAR
9849-CMMSI-SIN IDENTIFICAR,981100002399849,CANINO,MACHO,MEDIANO,false,SIN IDENTIFICAR
99854-CHMSI-SIN IDENTIFICAR,981100002399854,CANINO,HEMBRA,MEDIANO,false,SIN IDENTIFICAR
9928-CMMSI-SIN IDENTIFICAR,981100002399928,CANINO,MACHO,MEDIANO,false,SIN IDENTIFICAR
9981-CHMSI-SIN IDENTIFICAR,981100002399981,CANINO,HEMBRA,MEDIANO,false,SIN IDENTIFICAR
030-CMMSI-SIN IDENTIFICAR,981100002400030,CANINO,MACHO,MEDIANO,false,SIN IDENTIFICAR
0079-CHMSI-SIN IDENTIFICAR,981100002400079,CANINO,HEMBRA,MEDIANO,false,SIN IDENTIFICAR
0202-CHMSI-SIN IDENTIFICAR,981100002400202,CANINO,HEMBRA,MEDIANO,false,SIN IDENTIFICAR
0246-CMMSI-SIN IDENTIFICAR,981100002400246,CANINO,MACHO,MEDIANO,false,SIN IDENTIFICAR
0277-CMMSI-SIN IDENTIFICAR,981100002400277,CANINO,MACHO,MEDIANO,false,SIN IDENTIFICAR
0326-CMMSI-SIN IDENTIFICAR,981100002400326,CANINO,MACHO,MEDIANO,false,SIN IDENTIFICAR
0450-CHMSI-SIN IDENTIFICAR,981100002400450,CANINO,HEMBRA,MEDIANO,false,SIN IDENTIFICAR
0533-CHMSI-SIN IDENTIFICAR,981100002400533,CANINO,HEMBRA,MEDIANO,false,SIN IDENTIFICAR
0573-CHMSI-SIN IDENTIFICAR,981100002400573,CANINO,HEMBRA,MEDIANO,false,SIN IDENTIFICAR
00574-CMMSI-SIN IDENTIFICAR,981100002400574,CANINO,MACHO,MEDIANO,false,SIN IDENTIFICAR
00668-CMMSI-SIN IDENTIFICAR,981100002400668,CANINO,MACHO,MEDIANO,false,SIN IDENTIFICAR
0764-CHMSI-SIN IDENTIFICAR,981100002400764,CANINO,HEMBRA,MEDIANO,false,SIN IDENTIFICAR
0858-CMMSI-SIN IDENTIFICAR,981100002400858,CANINO,MACHO,MEDIANO,false,SIN IDENTIFICAR
00935-CMMSI-SIN IDENTIFICAR,981100002400935,CANINO,MACHO,MEDIANO,false,SIN IDENTIFICAR
01020-CHMSI-SIN IDENTIFICAR,981100002401020,CANINO,HEMBRA,MEDIANO,false,SIN IDENTIFICAR
1106-CHMSI-SIN IDENTIFICAR,981100002401106,CANINO,HEMBRA,MEDIANO,false,SIN IDENTIFICAR
1131-CMMSI-SIN IDENTIFICAR,981100002401131,CANINO,MACHO,MEDIANO,false,SIN IDENTIFICAR
1215-CMMSI-SIN IDENTIFICAR,981100002401215,CANINO,MACHO,MEDIANO,false,SIN IDENTIFICAR
1257-CMMSI-SIN IDENTIFICAR,981100002401257,CANINO,MACHO,MEDIANO,false,SIN IDENTIFICAR
1289-CHMSI-SIN IDENTIFICAR,981100002401289,CANINO,HEMBRA,MEDIANO,false,SIN IDENTIFICAR
1301-CHMSI-SIN IDENTIFICAR,981100002401301,CANINO,HEMBRA,MEDIANO,false,SIN IDENTIFICAR
1330-CHMSI-SIN IDENTIFICAR,981100002401330,CANINO,HEMBRA,MEDIANO,false,SIN IDENTIFICAR
1340-CMMSI-SIN IDENTIFICAR,981100002401340,CANINO,MACHO,MEDIANO,false,SIN IDENTIFICAR
1352-CHMSI-SIN IDENTIFICAR,981100002401352,CANINO,HEMBRA,MEDIANO,false,SIN IDENTIFICAR
353-CMMSI-SIN IDENTIFICAR,981100002401353,CANINO,MACHO,MEDIANO,false,SIN IDENTIFICAR
1367-CMMSI-SIN IDENTIFICAR,981100002401367,CANINO,MACHO,MEDIANO,false,SIN IDENTIFICAR
1377-CHMSI-SIN IDENTIFICAR,981100002401377,CANINO,HEMBRA,MEDIANO,false,SIN IDENTIFICAR
1560-CMMSI-SIN IDENTIFICAR,981100002401560,CANINO,MACHO,MEDIANO,false,SIN IDENTIFICAR
1604-CHMSI-SIN IDENTIFICAR,981100002401604,CANINO,HEMBRA,MEDIANO,false,SIN IDENTIFICAR
620-CMMSI-SIN IDENTIFICAR,981100002401620,CANINO,MACHO,MEDIANO,false,SIN IDENTIFICAR
1749-CHMSI-SIN IDENTIFICAR,981100002401749,CANINO,HEMBRA,MEDIANO,false,SIN IDENTIFICAR
1761-CMMSI-SIN IDENTIFICAR,981100002401761,CANINO,MACHO,MEDIANO,false,SIN IDENTIFICAR
1798-CHMSI-SIN IDENTIFICAR,981100002401798,CANINO,HEMBRA,MEDIANO,false,SIN IDENTIFICAR
1803-CHMSI-SIN IDENTIFICAR,981100002401803,CANINO,HEMBRA,MEDIANO,false,SIN IDENTIFICAR
1811-CHMSI-SIN IDENTIFICAR,981100002401811,CANINO,HEMBRA,MEDIANO,false,SIN IDENTIFICAR
1816-CMMSI-SIN IDENTIFICAR,981100002401816,CANINO,MACHO,MEDIANO,false,SIN IDENTIFICAR
1906-CMMSI-SIN IDENTIFICAR,981100002401906,CANINO,MACHO,MEDIANO,false,SIN IDENTIFICAR
2006-CMMSI-SIN IDENTIFICAR,981100002402006,CANINO,MACHO,MEDIANO,false,SIN IDENTIFICAR
2012-CHMSI-SIN IDENTIFICAR,981100002402012,CANINO,HEMBRA,MEDIANO,false,SIN IDENTIFICAR
2068-CMMSI-SIN IDENTIFICAR,981100002402068,CANINO,MACHO,MEDIANO,false,SIN IDENTIFICAR
2114-CHMSI-SIN IDENTIFICAR,981100002402114,CANINO,HEMBRA,MEDIANO,false,SIN IDENTIFICAR
2439-CMMSI-SIN IDENTIFICAR,981100002402439,CANINO,MACHO,MEDIANO,false,SIN IDENTIFICAR
2451-CMMSI-SIN IDENTIFICAR,981100002402451,CANINO,MACHO,MEDIANO,false,SIN IDENTIFICAR
2455-CMMSI-SIN IDENTIFICAR,981100002402455,CANINO,MACHO,MEDIANO,false,SIN IDENTIFICAR
2504-CHMSI-SIN IDENTIFICAR,981100002402504,CANINO,HEMBRA,MEDIANO,false,SIN IDENTIFICAR
2539-CHMSI-SIN IDENTIFICAR,981100002402539,CANINO,HEMBRA,MEDIANO,false,SIN IDENTIFICAR
2781-CHMSI-SIN IDENTIFICAR,981100002402781,CANINO,HEMBRA,MEDIANO,false,SIN IDENTIFICAR
2829-CMMSI-SIN IDENTIFICAR,981100002402829,CANINO,MACHO,MEDIANO,false,SIN IDENTIFICAR
2900-CHMSI-SIN IDENTIFICAR,981100002402900,CANINO,HEMBRA,MEDIANO,false,SIN IDENTIFICAR
3083-CMMSI-SIN IDENTIFICAR,981100002403083,CANINO,MACHO,MEDIANO,false,SIN IDENTIFICAR
3134-CHMSI-SIN IDENTIFICAR,981100002403134,CANINO,HEMBRA,MEDIANO,false,SIN IDENTIFICAR
03251-CMMSI-SIN IDENTIFICAR,981100002403251,CANINO,MACHO,MEDIANO,false,SIN IDENTIFICAR
03340-CMMSI-SIN IDENTIFICAR,981100002403340,CANINO,MACHO,MEDIANO,false,SIN IDENTIFICAR
3346-CHMSI-SIN IDENTIFICAR,981100002403346,CANINO,HEMBRA,MEDIANO,false,SIN IDENTIFICAR
03538-CMMSI-SIN IDENTIFICAR,981100002403538,CANINO,MACHO,MEDIANO,false,SIN IDENTIFICAR
3551-CMMSI-SIN IDENTIFICAR,981100002403551,CANINO,MACHO,MEDIANO,false,SIN IDENTIFICAR
3885-CHMSI-SIN IDENTIFICAR,981100002403885,CANINO,HEMBRA,MEDIANO,false,SIN IDENTIFICAR
3905-CMMSI-SIN IDENTIFICAR,981100002403905,CANINO,MACHO,MEDIANO,false,SIN IDENTIFICAR
3917-CMMSI-SIN IDENTIFICAR,981100002403917,CANINO,MACHO,MEDIANO,false,SIN IDENTIFICAR
3929-CHMSI-SIN IDENTIFICAR,981100002403929,CANINO,HEMBRA,MEDIANO,false,SIN IDENTIFICAR
958-CHMSI-SIN IDENTIFICAR,981100002403958,CANINO,HEMBRA,MEDIANO,false,SIN IDENTIFICAR
4203-CHMSI-SIN IDENTIFICAR,981100002404203,CANINO,HEMBRA,MEDIANO,false,SIN IDENTIFICAR
4744-CHMSI-SIN IDENTIFICAR,981100002404744,CANINO,HEMBRA,MEDIANO,false,SIN IDENTIFICAR
04986-CMMSI-SIN IDENTIFICAR,981100002404986,CANINO,MACHO,MEDIANO,false,SIN IDENTIFICAR
4997-CMMSI-SIN IDENTIFICAR,981100002404997,CANINO,MACHO,MEDIANO,false,SIN IDENTIFICAR
5117-CMMSI-SIN IDENTIFICAR,981100002405117,CANINO,MACHO,MEDIANO,false,SIN IDENTIFICAR
5119-CMMSI-SIN IDENTIFICAR,981100002405119,CANINO,MACHO,MEDIANO,false,SIN IDENTIFICAR
5133-CMMSI-SIN IDENTIFICAR,981100002405133,CANINO,MACHO,MEDIANO,false,SIN IDENTIFICAR
5136-CMMSI-SIN IDENTIFICAR,981100002405136,CANINO,MACHO,MEDIANO,false,SIN IDENTIFICAR
05238-CMMSI-SIN IDENTIFICAR,981100002405238,CANINO,MACHO,MEDIANO,false,SIN IDENTIFICAR
5239-CHMSI-SIN IDENTIFICAR,981100002405239,CANINO,HEMBRA,MEDIANO,false,SIN IDENTIFICAR
5311-CMMSI-SIN IDENTIFICAR,981100002405311,CANINO,MACHO,MEDIANO,false,SIN IDENTIFICAR
5350-CMMSI-SIN IDENTIFICAR,981100002405350,CANINO,MACHO,MEDIANO,false,SIN IDENTIFICAR
5408-CMMSI-SIN IDENTIFICAR,981100002405408,CANINO,MACHO,MEDIANO,false,SIN IDENTIFICAR
5476-CHMSI-SIN IDENTIFICAR,981100002405476,CANINO,HEMBRA,MEDIANO,false,SIN IDENTIFICAR
5542-CHMSI-SIN IDENTIFICAR,981100002405542,CANINO,HEMBRA,MEDIANO,false,SIN IDENTIFICAR
5668-CMMSI-SIN IDENTIFICAR,981100002405668,CANINO,MACHO,MEDIANO,false,SIN IDENTIFICAR
5738-CMMSI-SIN IDENTIFICAR,981100002405738,CANINO,MACHO,MEDIANO,false,SIN IDENTIFICAR
5829-CHMSI-SIN IDENTIFICAR,981100002405829,CANINO,HEMBRA,MEDIANO,false,SIN IDENTIFICAR
5912-CHMSI-SIN IDENTIFICAR,981100002405912,CANINO,HEMBRA,MEDIANO,false,SIN IDENTIFICAR
5960-CMMSI-SIN IDENTIFICAR,981100002405960,CANINO,MACHO,MEDIANO,false,SIN IDENTIFICAR
06076-CMMSI-SIN IDENTIFICAR,981100002406076,CANINO,MACHO,MEDIANO,false,SIN IDENTIFICAR
6112-CMMSI-SIN IDENTIFICAR,981100002406112,CANINO,MACHO,MEDIANO,false,SIN IDENTIFICAR
6139-CMMSI-SIN IDENTIFICAR,981100002406139,CANINO,MACHO,MEDIANO,false,SIN IDENTIFICAR
208-CHMSI-SIN IDENTIFICAR,981100002406208,CANINO,HEMBRA,MEDIANO,false,SIN IDENTIFICAR
6214-CMMSI-SIN IDENTIFICAR,981100002406214,CANINO,MACHO,MEDIANO,false,SIN IDENTIFICAR
221-CMMSI-SIN IDENTIFICAR,981100002406221,CANINO,MACHO,MEDIANO,false,SIN IDENTIFICAR
6251-CHMSI-SIN IDENTIFICAR,981100002406251,CANINO,HEMBRA,MEDIANO,false,SIN IDENTIFICAR
6258-CMMSI-SIN IDENTIFICAR,981100002406258,CANINO,MACHO,MEDIANO,false,SIN IDENTIFICAR
6300-CHMSI-SIN IDENTIFICAR,981100002406300,CANINO,HEMBRA,MEDIANO,false,SIN IDENTIFICAR
310-CMMSI-SIN IDENTIFICAR,981100002406310,CANINO,MACHO,MEDIANO,false,SIN IDENTIFICAR
06338-CMMSI-SIN IDENTIFICAR,981100002406338,CANINO,MACHO,MEDIANO,false,SIN IDENTIFICAR
6412-FHMSI-SIN IDENTIFICAR,981100002406412,FELINO,HEMBRA,MEDIANO,false,SIN IDENTIFICAR
6508-CMMSI-SIN IDENTIFICAR,981100002406508,CANINO,MACHO,MEDIANO,false,SIN IDENTIFICAR
6640-CMMSI-SIN IDENTIFICAR,981100002406640,CANINO,MACHO,MEDIANO,false,SIN IDENTIFICAR
649-FMMSI-SIN IDENTIFICAR,981100002406649,FELINO,MACHO,MEDIANO,false,SIN IDENTIFICAR
6650-CMMSI-SIN IDENTIFICAR,981100002406650,CANINO,MACHO,MEDIANO,false,SIN IDENTIFICAR
6758-CMMSI-SIN IDENTIFICAR,981100002406758,CANINO,MACHO,MEDIANO,false,SIN IDENTIFICAR
06783-CHMSI-SIN IDENTIFICAR,981100002406783,CANINO,HEMBRA,MEDIANO,false,SIN IDENTIFICAR
6813-CMMSI-SIN IDENTIFICAR,981100002406813,CANINO,MACHO,MEDIANO,false,SIN IDENTIFICAR
6824-CHMSI-SIN IDENTIFICAR,981100002406824,CANINO,HEMBRA,MEDIANO,false,SIN IDENTIFICAR
6827-CHMSI-SIN IDENTIFICAR,981100002406827,CANINO,HEMBRA,MEDIANO,false,SIN IDENTIFICAR
6867-CHMSI-SIN IDENTIFICAR,981100002406867,CANINO,HEMBRA,MEDIANO,false,SIN IDENTIFICAR
6880-CHMSI-SIN IDENTIFICAR,981100002406880,CANINO,HEMBRA,MEDIANO,false,SIN IDENTIFICAR
883-CMMSI-SIN IDENTIFICAR,981100002406883,CANINO,MACHO,MEDIANO,false,SIN IDENTIFICAR
6889-CMMSI-SIN IDENTIFICAR,981100002406889,CANINO,MACHO,MEDIANO,false,SIN IDENTIFICAR
6895-CMMSI-SIN IDENTIFICAR,981100002406895,CANINO,MACHO,MEDIANO,false,SIN IDENTIFICAR
967-CMMSI-SIN IDENTIFICAR,981100002406967,CANINO,MACHO,MEDIANO,false,SIN IDENTIFICAR
6989-CHMSI-SIN IDENTIFICAR,981100002406989,CANINO,HEMBRA,MEDIANO,false,SIN IDENTIFICAR
7041-CHMSI-SIN IDENTIFICAR,981100002407041,CANINO,HEMBRA,MEDIANO,false,SIN IDENTIFICAR
7052-CHMSI-SIN IDENTIFICAR,981100002407052,CANINO,HEMBRA,MEDIANO,false,SIN IDENTIFICAR
7109-CHMSI-SIN IDENTIFICAR,981100002407109,CANINO,HEMBRA,MEDIANO,false,SIN IDENTIFICAR
7130-CMMSI-SIN IDENTIFICAR,981100002407130,CANINO,MACHO,MEDIANO,false,SIN IDENTIFICAR
7153-CHMSI-SIN IDENTIFICAR,981100002407153,CANINO,HEMBRA,MEDIANO,false,SIN IDENTIFICAR
7160-CHMSI-SIN IDENTIFICAR,981100002407160,CANINO,HEMBRA,MEDIANO,false,SIN IDENTIFICAR
7179-CMMSI-SIN IDENTIFICAR,981100002407179,CANINO,MACHO,MEDIANO,false,SIN IDENTIFICAR
7181-CHMSI-SIN IDENTIFICAR,981100002407181,CANINO,HEMBRA,MEDIANO,false,SIN IDENTIFICAR
7245-CHMSI-SIN IDENTIFICAR,981100002407245,CANINO,HEMBRA,MEDIANO,false,SIN IDENTIFICAR
7246-CMMSI-SIN IDENTIFICAR,981100002407246,CANINO,MACHO,MEDIANO,false,SIN IDENTIFICAR
7296-CMMSI-SIN IDENTIFICAR,981100002407296,CANINO,MACHO,MEDIANO,false,SIN IDENTIFICAR
7310-CMMSI-SIN IDENTIFICAR,981100002407310,CANINO,MACHO,MEDIANO,false,SIN IDENTIFICAR
07324-CMMSI-SIN IDENTIFICAR,981100002407324,CANINO,MACHO,MEDIANO,false,SIN IDENTIFICAR
7333-CHMSI-SIN IDENTIFICAR,981100002407333,CANINO,HEMBRA,MEDIANO,false,SIN IDENTIFICAR
7338-CMMSI-SIN IDENTIFICAR,981100002407338,CANINO,MACHO,MEDIANO,false,SIN IDENTIFICAR
345-CMMSI-SIN IDENTIFICAR,981100002407345,CANINO,MACHO,MEDIANO,false,SIN IDENTIFICAR
7392-CMMSI-SIN IDENTIFICAR,981100002407392,CANINO,MACHO,MEDIANO,false,SIN IDENTIFICAR
7396-CMMSI-SIN IDENTIFICAR,981100002407396,CANINO,MACHO,MEDIANO,false,SIN IDENTIFICAR
7444-CHMSI-SIN IDENTIFICAR,981100002407444,CANINO,HEMBRA,MEDIANO,false,SIN IDENTIFICAR
492-CMMSI-SIN IDENTIFICAR,981100002407492,CANINO,MACHO,MEDIANO,false,SIN IDENTIFICAR
7561-CMMSI-SIN IDENTIFICAR,981100002407561,CANINO,MACHO,MEDIANO,false,SIN IDENTIFICAR
7563-CMMSI-SIN IDENTIFICAR,981100002407563,CANINO,MACHO,MEDIANO,false,SIN IDENTIFICAR
7573-CMMSI-SIN IDENTIFICAR,981100002407573,CANINO,MACHO,MEDIANO,false,SIN IDENTIFICAR
7617-CHMSI-SIN IDENTIFICAR,981100002407617,CANINO,HEMBRA,MEDIANO,false,SIN IDENTIFICAR
7701-CHMSI-SIN IDENTIFICAR,981100002407701,CANINO,HEMBRA,MEDIANO,false,SIN IDENTIFICAR
7740-CHMSI-SIN IDENTIFICAR,981100002407740,CANINO,HEMBRA,MEDIANO,false,SIN IDENTIFICAR
07742-CMMSI-SIN IDENTIFICAR,981100002407742,CANINO,MACHO,MEDIANO,false,SIN IDENTIFICAR
7764-CHMSI-SIN IDENTIFICAR,981100002407764,CANINO,HEMBRA,MEDIANO,false,SIN IDENTIFICAR
7771-CHMSI-SIN IDENTIFICAR,981100002407771,CANINO,HEMBRA,MEDIANO,false,SIN IDENTIFICAR
7777-CHMSI-SIN IDENTIFICAR,981100002407777,CANINO,HEMBRA,MEDIANO,false,SIN IDENTIFICAR
7780-CHMSI-SIN IDENTIFICAR,981100002407780,CANINO,HEMBRA,MEDIANO,false,SIN IDENTIFICAR
821-FHMSI-SIN IDENTIFICAR,981100002407821,FELINO,HEMBRA,MEDIANO,false,SIN IDENTIFICAR
7846-CMMSI-SIN IDENTIFICAR,981100002407846,CANINO,MACHO,MEDIANO,false,SIN IDENTIFICAR
7849-CMMSI-SIN IDENTIFICAR,981100002407849,CANINO,MACHO,MEDIANO,false,SIN IDENTIFICAR
7851-CHMSI-SIN IDENTIFICAR,981100002407851,CANINO,HEMBRA,MEDIANO,false,SIN IDENTIFICAR
7858-CHMSI-SIN IDENTIFICAR,981100002407858,CANINO,HEMBRA,MEDIANO,false,SIN IDENTIFICAR
861-CHMSI-SIN IDENTIFICAR,981100002407861,CANINO,HEMBRA,MEDIANO,false,SIN IDENTIFICAR
7915-CHMSI-SIN IDENTIFICAR,981100002407915,CANINO,HEMBRA,MEDIANO,false,SIN IDENTIFICAR
7935-CHMSI-SIN IDENTIFICAR,981100002407935,CANINO,HEMBRA,MEDIANO,false,SIN IDENTIFICAR
7978-CHMSI-SIN IDENTIFICAR,981100002407978,CANINO,HEMBRA,MEDIANO,false,SIN IDENTIFICAR
980-CMMSI-SIN IDENTIFICAR,981100002407980,CANINO,MACHO,MEDIANO,false,SIN IDENTIFICAR
7986-CHMSI-SIN IDENTIFICAR,981100002407986,CANINO,HEMBRA,MEDIANO,false,SIN IDENTIFICAR
038-FHMSI-SIN IDENTIFICAR,981100002408038,FELINO,HEMBRA,MEDIANO,false,SIN IDENTIFICAR
8046-CHMSI-SIN IDENTIFICAR,981100002408046,CANINO,HEMBRA,MEDIANO,false,SIN IDENTIFICAR
8066-FMMSI-SIN IDENTIFICAR,981100002408066,FELINO,MACHO,MEDIANO,false,SIN IDENTIFICAR
08080-CHMSI-SIN IDENTIFICAR,981100002408080,CANINO,HEMBRA,MEDIANO,false,SIN IDENTIFICAR
8121-CHMSI-SIN IDENTIFICAR,981100002408121,CANINO,HEMBRA,MEDIANO,false,SIN IDENTIFICAR
8130-CMMSI-SIN IDENTIFICAR,981100002408130,CANINO,MACHO,MEDIANO,false,SIN IDENTIFICAR
08207-CHMSI-SIN IDENTIFICAR,981100002408207,CANINO,HEMBRA,MEDIANO,false,SIN IDENTIFICAR
08225-CHMSI-SIN IDENTIFICAR,981100002408225,CANINO,HEMBRA,MEDIANO,false,SIN IDENTIFICAR
8260-CMMSI-SIN IDENTIFICAR,981100002408260,CANINO,MACHO,MEDIANO,false,SIN IDENTIFICAR
8318-CMMSI-SIN IDENTIFICAR,981100002408318,CANINO,MACHO,MEDIANO,false,SIN IDENTIFICAR
8347-CMMSI-SIN IDENTIFICAR,981100002408347,CANINO,MACHO,MEDIANO,false,SIN IDENTIFICAR
8359-CMMSI-SIN IDENTIFICAR,981100002408359,CANINO,MACHO,MEDIANO,false,SIN IDENTIFICAR
8396-CMMSI-SIN IDENTIFICAR,981100002408396,CANINO,MACHO,MEDIANO,false,SIN IDENTIFICAR
8403-CHMSI-SIN IDENTIFICAR,981100002408403,CANINO,HEMBRA,MEDIANO,false,SIN IDENTIFICAR
413-CMMSI-SIN IDENTIFICAR,981100002408413,CANINO,MACHO,MEDIANO,false,SIN IDENTIFICAR
422-CHMSI-SIN IDENTIFICAR,981100002408422,CANINO,HEMBRA,MEDIANO,false,SIN IDENTIFICAR
8433-CHMSI-SIN IDENTIFICAR,981100002408433,CANINO,HEMBRA,MEDIANO,false,SIN IDENTIFICAR
8454-CMMSI-SIN IDENTIFICAR,981100002408454,CANINO,MACHO,MEDIANO,false,SIN IDENTIFICAR
8457-CHMSI-SIN IDENTIFICAR,981100002408457,CANINO,HEMBRA,MEDIANO,false,SIN IDENTIFICAR
08491-CMMSI-SIN IDENTIFICAR,981100002408491,CANINO,MACHO,MEDIANO,false,SIN IDENTIFICAR
494-CMMSI-SIN IDENTIFICAR,981100002408494,CANINO,MACHO,MEDIANO,false,SIN IDENTIFICAR
08496-CMMSI-SIN IDENTIFICAR,981100002408496,CANINO,MACHO,MEDIANO,false,SIN IDENTIFICAR
08593-CMMSI-SIN IDENTIFICAR,981100002408593,CANINO,MACHO,MEDIANO,false,SIN IDENTIFICAR
8621-CMMSI-SIN IDENTIFICAR,981100002408621,CANINO,MACHO,MEDIANO,false,SIN IDENTIFICAR
8689-CHMSI-SIN IDENTIFICAR,981100002408689,CANINO,HEMBRA,MEDIANO,false,SIN IDENTIFICAR
8732-CHMSI-SIN IDENTIFICAR,981100002408732,CANINO,HEMBRA,MEDIANO,false,SIN IDENTIFICAR
8810-CHMSI-SIN IDENTIFICAR,981100002408810,CANINO,HEMBRA,MEDIANO,false,SIN IDENTIFICAR
8949-CHMSI-SIN IDENTIFICAR,981100002408949,CANINO,HEMBRA,MEDIANO,false,SIN IDENTIFICAR
954-CMMSI-SIN IDENTIFICAR,981100002408954,CANINO,MACHO,MEDIANO,false,SIN IDENTIFICAR
08967-CHMSI-SIN IDENTIFICAR,981100002408967,CANINO,HEMBRA,MEDIANO,false,SIN IDENTIFICAR
8975-CMMSI-SIN IDENTIFICAR,981100002408975,CANINO,MACHO,MEDIANO,false,SIN IDENTIFICAR
988-CMMSI-SIN IDENTIFICAR,981100002408988,CANINO,MACHO,MEDIANO,false,SIN IDENTIFICAR
9021-CHMSI-SIN IDENTIFICAR,981100002409021,CANINO,HEMBRA,MEDIANO,false,SIN IDENTIFICAR
9659-CMMSI-SIN IDENTIFICAR,981100002409659,CANINO,MACHO,MEDIANO,false,SIN IDENTIFICAR
9690-CMMSI-SIN IDENTIFICAR,981100002409690,CANINO,MACHO,MEDIANO,false,SIN IDENTIFICAR
9918-CHMSI-SIN IDENTIFICAR,981100002409918,CANINO,HEMBRA,MEDIANO,false,SIN IDENTIFICAR
9931-CHMSI-SIN IDENTIFICAR,981100002409931,CANINO,HEMBRA,MEDIANO,false,SIN IDENTIFICAR
9938-CHMSI-SIN IDENTIFICAR,981100002409938,CANINO,HEMBRA,MEDIANO,false,SIN IDENTIFICAR
09951-CHMSI-SIN IDENTIFICAR,981100002409951,CANINO,HEMBRA,MEDIANO,false,SIN IDENTIFICAR
0245-CMMSI-SIN IDENTIFICAR,981100002410245,CANINO,MACHO,MEDIANO,false,SIN IDENTIFICAR
0310-CMMSI-SIN IDENTIFICAR,981100002410310,CANINO,MACHO,MEDIANO,false,SIN IDENTIFICAR
0464-CMMSI-SIN IDENTIFICAR,981100002410464,CANINO,MACHO,MEDIANO,false,SIN IDENTIFICAR
0502-CHMSI-SIN IDENTIFICAR,981100002410502,CANINO,HEMBRA,MEDIANO,false,SIN IDENTIFICAR
0516-CHMSI-SIN IDENTIFICAR,981100002410516,CANINO,HEMBRA,MEDIANO,false,SIN IDENTIFICAR
0960-CHMSI-SIN IDENTIFICAR,981100002410960,CANINO,HEMBRA,MEDIANO,false,SIN IDENTIFICAR
1014-CHMSI-SIN IDENTIFICAR,981100002411014,CANINO,HEMBRA,MEDIANO,false,SIN IDENTIFICAR
1025-CMMSI-SIN IDENTIFICAR,981100002411025,CANINO,MACHO,MEDIANO,false,SIN IDENTIFICAR
1252-CMMSI-SIN IDENTIFICAR,981100002411252,CANINO,MACHO,MEDIANO,false,SIN IDENTIFICAR
064-CHMSI-SIN IDENTIFICAR,981100002412064,CANINO,HEMBRA,MEDIANO,false,SIN IDENTIFICAR
2412-CHMSI-SIN IDENTIFICAR,981100002412412,CANINO,HEMBRA,MEDIANO,false,SIN IDENTIFICAR
2493-CMMSI-SIN IDENTIFICAR,981100002412493,CANINO,MACHO,MEDIANO,false,SIN IDENTIFICAR
2515-CHMSI-SIN IDENTIFICAR,981100002412515,CANINO,HEMBRA,MEDIANO,false,SIN IDENTIFICAR
2617-CMMSI-SIN IDENTIFICAR,981100002412617,CANINO,MACHO,MEDIANO,false,SIN IDENTIFICAR
804-CHMSI-SIN IDENTIFICAR,981100002412804,CANINO,HEMBRA,MEDIANO,false,SIN IDENTIFICAR
2821-CMMSI-SIN IDENTIFICAR,981100002412821,CANINO,MACHO,MEDIANO,false,SIN IDENTIFICAR
12861-CMMSI-SIN IDENTIFICAR,981100002412861,CANINO,MACHO,MEDIANO,false,SIN IDENTIFICAR
2883-CMMSI-SIN IDENTIFICAR,981100002412883,CANINO,MACHO,MEDIANO,false,SIN IDENTIFICAR
2895-CMMSI-SIN IDENTIFICAR,981100002412895,CANINO,MACHO,MEDIANO,false,SIN IDENTIFICAR
2899-CMMSI-SIN IDENTIFICAR,981100002412899,CANINO,MACHO,MEDIANO,false,SIN IDENTIFICAR
13104-CHMSI-SIN IDENTIFICAR,981100002413104,CANINO,HEMBRA,MEDIANO,false,SIN IDENTIFICAR
3295-CHMSI-SIN IDENTIFICAR,981100002413295,CANINO,HEMBRA,MEDIANO,false,SIN IDENTIFICAR
3738-CHMSI-SIN IDENTIFICAR,981100002413738,CANINO,HEMBRA,MEDIANO,false,SIN IDENTIFICAR
13818-CMMSI-SIN IDENTIFICAR,981100002413818,CANINO,MACHO,MEDIANO,false,SIN IDENTIFICAR
3831-CMMSI-SIN IDENTIFICAR,981100002413831,CANINO,MACHO,MEDIANO,false,SIN IDENTIFICAR
3844-CHMSI-SIN IDENTIFICAR,981100002413844,CANINO,HEMBRA,MEDIANO,false,SIN IDENTIFICAR
3899-CHMSI-SIN IDENTIFICAR,981100002413899,CANINO,HEMBRA,MEDIANO,false,SIN IDENTIFICAR
3960-CMMSI-SIN IDENTIFICAR,981100002413960,CANINO,MACHO,MEDIANO,false,SIN IDENTIFICAR
4179-CHMSI-SIN IDENTIFICAR,981100002414179,CANINO,HEMBRA,MEDIANO,false,SIN IDENTIFICAR
4452-CHMSI-SIN IDENTIFICAR,981100002414452,CANINO,HEMBRA,MEDIANO,false,SIN IDENTIFICAR
4542-CMMSI-SIN IDENTIFICAR,981100002414542,CANINO,MACHO,MEDIANO,false,SIN IDENTIFICAR
4919-CMMSI-SIN IDENTIFICAR,981100002414919,CANINO,MACHO,MEDIANO,false,SIN IDENTIFICAR
5301-CHMSI-SIN IDENTIFICAR,981100002415301,CANINO,HEMBRA,MEDIANO,false,SIN IDENTIFICAR
5482-CHMSI-SIN IDENTIFICAR,981100002415482,CANINO,HEMBRA,MEDIANO,false,SIN IDENTIFICAR
15502-CHMSI-SIN IDENTIFICAR,981100002415502,CANINO,HEMBRA,MEDIANO,false,SIN IDENTIFICAR
5545-CMMSI-SIN IDENTIFICAR,981100002415545,CANINO,MACHO,MEDIANO,false,SIN IDENTIFICAR
15596-CMMSI-SIN IDENTIFICAR,981100002415596,CANINO,MACHO,MEDIANO,false,SIN IDENTIFICAR
5676-CMMSI-SIN IDENTIFICAR,981100002415676,CANINO,MACHO,MEDIANO,false,SIN IDENTIFICAR
5910-CHMSI-SIN IDENTIFICAR,981100002415910,CANINO,HEMBRA,MEDIANO,false,SIN IDENTIFICAR
6106-CHMSI-SIN IDENTIFICAR,981100002416106,CANINO,HEMBRA,MEDIANO,false,SIN IDENTIFICAR
6411-CHMSI-SIN IDENTIFICAR,981100002416411,CANINO,HEMBRA,MEDIANO,false,SIN IDENTIFICAR
6504-CMMSI-SIN IDENTIFICAR,981100002416504,CANINO,MACHO,MEDIANO,false,SIN IDENTIFICAR
6702-CMMSI-SIN IDENTIFICAR,981100002416702,CANINO,MACHO,MEDIANO,false,SIN IDENTIFICAR
6773-CMMSI-SIN IDENTIFICAR,981100002416773,CANINO,MACHO,MEDIANO,false,SIN IDENTIFICAR
6787-CMMSI-SIN IDENTIFICAR,981100002416787,CANINO,MACHO,MEDIANO,false,SIN IDENTIFICAR
6794-CHMSI-SIN IDENTIFICAR,981100002416794,CANINO,HEMBRA,MEDIANO,false,SIN IDENTIFICAR
7083-CMMSI-SIN IDENTIFICAR,981100002417083,CANINO,MACHO,MEDIANO,false,SIN IDENTIFICAR
7090-CMMSI-SIN IDENTIFICAR,981100002417090,CANINO,MACHO,MEDIANO,false,SIN IDENTIFICAR
7189-CMMSI-SIN IDENTIFICAR,981100002417189,CANINO,MACHO,MEDIANO,false,SIN IDENTIFICAR
7290-CMMSI-SIN IDENTIFICAR,981100002417290,CANINO,MACHO,MEDIANO,false,SIN IDENTIFICAR
7502-CHMSI-SIN IDENTIFICAR,981100002417502,CANINO,HEMBRA,MEDIANO,false,SIN IDENTIFICAR
7535-CMMSI-SIN IDENTIFICAR,981100002417535,CANINO,MACHO,MEDIANO,false,SIN IDENTIFICAR
7551-CHMSI-SIN IDENTIFICAR,981100002417551,CANINO,HEMBRA,MEDIANO,false,SIN IDENTIFICAR
7624-CMMSI-SIN IDENTIFICAR,981100002417624,CANINO,MACHO,MEDIANO,false,SIN IDENTIFICAR
7648-CMMSI-SIN IDENTIFICAR,981100002417648,CANINO,MACHO,MEDIANO,false,SIN IDENTIFICAR
7706-CHMSI-SIN IDENTIFICAR,981100002417706,CANINO,HEMBRA,MEDIANO,false,SIN IDENTIFICAR
7948-CMMSI-SIN IDENTIFICAR,981100002417948,CANINO,MACHO,MEDIANO,false,SIN IDENTIFICAR
8089-CMMSI-SIN IDENTIFICAR,981100002418089,CANINO,MACHO,MEDIANO,false,SIN IDENTIFICAR
8122-CHMSI-SIN IDENTIFICAR,981100002418122,CANINO,HEMBRA,MEDIANO,false,SIN IDENTIFICAR
8193-CMMSI-SIN IDENTIFICAR,981100002418193,CANINO,MACHO,MEDIANO,false,SIN IDENTIFICAR
8195-CMMSI-SIN IDENTIFICAR,981100002418195,CANINO,MACHO,MEDIANO,false,SIN IDENTIFICAR
8425-CHMSI-SIN IDENTIFICAR,981100002418425,CANINO,HEMBRA,MEDIANO,false,SIN IDENTIFICAR
0418-FHMSI-SIN IDENTIFICAR,981100002560418,FELINO,HEMBRA,MEDIANO,false,SIN IDENTIFICAR
3214-CHMSI-SIN IDENTIFICAR,981100002563214,CANINO,HEMBRA,MEDIANO,false,SIN IDENTIFICAR
3463-CHMSI-SIN IDENTIFICAR,981100002563463,CANINO,HEMBRA,MEDIANO,false,SIN IDENTIFICAR
5752-CHMSI-SIN IDENTIFICAR,981100002565752,CANINO,HEMBRA,MEDIANO,false,SIN IDENTIFICAR
0642-CMMSI-SIN IDENTIFICAR,981100002570642,CANINO,MACHO,MEDIANO,false,SIN IDENTIFICAR
0715-CMMSI-SIN IDENTIFICAR,981100002570715,CANINO,MACHO,MEDIANO,false,SIN IDENTIFICAR
73551-CMMSI-SIN IDENTIFICAR,981100002573551,CANINO,MACHO,MEDIANO,false,SIN IDENTIFICAR
73879-CHMSI-SIN IDENTIFICAR,981100002573879,CANINO,HEMBRA,MEDIANO,false,SIN IDENTIFICAR
4992-CMMSI-SIN IDENTIFICAR,981100002574992,CANINO,MACHO,MEDIANO,false,SIN IDENTIFICAR
5549-CHMSI-SIN IDENTIFICAR,981100002575549,CANINO,HEMBRA,MEDIANO,false,SIN IDENTIFICAR
6370-CMMSI-SIN IDENTIFICAR,981100002576370,CANINO,MACHO,MEDIANO,false,SIN IDENTIFICAR
76414-CHMSI-SIN IDENTIFICAR,981100002576414,CANINO,HEMBRA,MEDIANO,false,SIN IDENTIFICAR
6457-CHMSI-SIN IDENTIFICAR,981100002576457,CANINO,HEMBRA,MEDIANO,false,SIN IDENTIFICAR
7945-CMMSI-SIN IDENTIFICAR,981100002577945,CANINO,MACHO,MEDIANO,false,SIN IDENTIFICAR
9960-CMMSI-SIN IDENTIFICAR,981100002579960,CANINO,MACHO,MEDIANO,false,SIN IDENTIFICAR
024-FMMSI-SIN IDENTIFICAR,981100002664024,FELINO,MACHO,MEDIANO,false,SIN IDENTIFICAR
453-FHMSI-SIN IDENTIFICAR,981100002804453,FELINO,HEMBRA,MEDIANO,false,SIN IDENTIFICAR
0726-CMMSI-SIN IDENTIFICAR,981110000240726,CANINO,MACHO,MEDIANO,false,SIN IDENTIFICAR
416-FMMSI-SIN IDENTIFICAR,981981100002416,FELINO,MACHO,MEDIANO,false,SIN IDENTIFICAR
3422-CHMSI-SIN IDENTIFICAR,984101080733422,CANINO,HEMBRA,MEDIANO,false,SIN IDENTIFICAR
0880-FHMSI-SIN IDENTIFICAR,985161000330880,FELINO,HEMBRA,MEDIANO,false,SIN IDENTIFICAR
139-CHMSI-SIN IDENTIFICAR,985161000331139,CANINO,HEMBRA,MEDIANO,false,SIN IDENTIFICAR
4431-CHMSI-SIN IDENTIFICAR,985161000334431,CANINO,HEMBRA,MEDIANO,false,SIN IDENTIFICAR
6905-CHMSI-SIN IDENTIFICAR,985161000336905,CANINO,HEMBRA,MEDIANO,false,SIN IDENTIFICAR
121-CMMSI-SIN IDENTIFICAR,985161000338121,CANINO,MACHO,MEDIANO,false,SIN IDENTIFICAR
4030-CHMSI-SIN IDENTIFICAR,985161000344030,CANINO,HEMBRA,MEDIANO,false,SIN IDENTIFICAR
647-FHMSI-SIN IDENTIFICAR,985161000389647,FELINO,HEMBRA,MEDIANO,false,SIN IDENTIFICAR
5040-CHMSI-SIN IDENTIFICAR,985161000395040,CANINO,HEMBRA,MEDIANO,false,SIN IDENTIFICAR
5949-FHMSI-SIN IDENTIFICAR,985161000395949,FELINO,HEMBRA,MEDIANO,false,SIN IDENTIFICAR
753-FHMSI-SIN IDENTIFICAR,985161000396753,FELINO,HEMBRA,MEDIANO,false,SIN IDENTIFICAR
7744-CMMSI-SIN IDENTIFICAR,985161000397744,CANINO,MACHO,MEDIANO,false,SIN IDENTIFICAR
950-CMMSI-SIN IDENTIFICAR,985161000952950,CANINO,MACHO,MEDIANO,false,SIN IDENTIFICAR
23922-FHMSI-SIN IDENTIFICAR,991001000423922,FELINO,HEMBRA,MEDIANO,false,SIN IDENTIFICAR
923-CMGSI-SIN IDENTIFICAR,991001000423923,CANINO,MACHO,GRANDE,false,SIN IDENTIFICAR
925-CHPSI-SIN IDENTIFICAR,991001000423925,CANINO,HEMBRA,PEQUEÑO,false,SIN IDENTIFICAR
3926-CHMSI-SIN IDENTIFICAR,991001000423926,CANINO,HEMBRA,MEDIANO,false,SIN IDENTIFICAR
3927-CHMSI-SIN IDENTIFICAR,991001000423927,CANINO,HEMBRA,MEDIANO,false,SIN IDENTIFICAR
928-FMMSI-SIN IDENTIFICAR,991001000423928,FELINO,MACHO,MEDIANO,false,SIN IDENTIFICAR
23929-CHMSI-SIN IDENTIFICAR,991001000423929,CANINO,HEMBRA,MEDIANO,false,SIN IDENTIFICAR
930-CHPSI-SIN IDENTIFICAR,991001000423930,CANINO,HEMBRA,PEQUEÑO,false,SIN IDENTIFICAR
931-CHPSI-SIN IDENTIFICAR,991001000423931,CANINO,HEMBRA,PEQUEÑO,false,SIN IDENTIFICAR
932-CHPSI-SIN IDENTIFICAR,991001000423932,CANINO,HEMBRA,PEQUEÑO,false,SIN IDENTIFICAR
3933-CHMSI-SIN IDENTIFICAR,991001000423933,CANINO,HEMBRA,MEDIANO,false,SIN IDENTIFICAR
3935-FHMSI-SIN IDENTIFICAR,991001000423935,FELINO,HEMBRA,MEDIANO,false,SIN IDENTIFICAR
23936-CHMSI-SIN IDENTIFICAR,991001000423936,CANINO,HEMBRA,MEDIANO,false,SIN IDENTIFICAR
938-FHMSI-SIN IDENTIFICAR,991001000423938,FELINO,HEMBRA,MEDIANO,false,SIN IDENTIFICAR
939-FHPSI-SIN IDENTIFICAR,991001000423939,FELINO,HEMBRA,PEQUEÑO,false,SIN IDENTIFICAR
1578-CHMSI-SIN IDENTIFICAR,991001000681578,CANINO,HEMBRA,MEDIANO,false,SIN IDENTIFICAR
322-FHPSI-SIN IDENTIFICAR,991001000682322,FELINO,HEMBRA,PEQUEÑO,false,SIN IDENTIFICAR
323-FHPSI-SIN IDENTIFICAR,991001000682323,FELINO,HEMBRA,PEQUEÑO,false,SIN IDENTIFICAR
324-CMGSI-SIN IDENTIFICAR,991001000682324,CANINO,MACHO,GRANDE,false,SIN IDENTIFICAR
325-CMGSI-SIN IDENTIFICAR,991001000682325,CANINO,MACHO,GRANDE,false,SIN IDENTIFICAR
9163-CHMSI-SIN IDENTIFICAR,991001000889163,CANINO,HEMBRA,MEDIANO,false,SIN IDENTIFICAR
550-CMMSI-SIN IDENTIFICAR,991001001134550,CANINO,MACHO,MEDIANO,false,SIN IDENTIFICAR
984-CHGSI-SIN IDENTIFICAR,991001001134984,CANINO,HEMBRA,GRANDE,false,SIN IDENTIFICAR
35296-CHMSI-SIN IDENTIFICAR,991001001135296,CANINO,HEMBRA,MEDIANO,false,SIN IDENTIFICAR
042-CHMSI-SIN IDENTIFICAR,991001001149042,CANINO,HEMBRA,MEDIANO,false,SIN IDENTIFICAR
8060-CMMSI-SIN IDENTIFICAR,9001164000518060,CANINO,MACHO,MEDIANO,false,SIN IDENTIFICAR
0940-CHMSI-SIN IDENTIFICAR,9410000019740940,CANINO,HEMBRA,MEDIANO,false,SIN IDENTIFICAR
1270-CHMSI-SIN IDENTIFICAR,9410000019741270,CANINO,HEMBRA,MEDIANO,false,SIN IDENTIFICAR
2780-CMMSI-SIN IDENTIFICAR,9410000021202780,CANINO,MACHO,MEDIANO,false,SIN IDENTIFICAR
9560-CMMSI-SIN IDENTIFICAR,9410000150669560,CANINO,MACHO,MEDIANO,false,SIN IDENTIFICAR
40700-CMMSI-SIN IDENTIFICAR,9410000197440700,CANINO,MACHO,MEDIANO,false,SIN IDENTIFICAR
5030-CHMSI-SIN IDENTIFICAR,9560017000015030,CANINO,HEMBRA,MEDIANO,false,SIN IDENTIFICAR
5520-CHMSI-SIN IDENTIFICAR,9560017000015520,CANINO,HEMBRA,MEDIANO,false,SIN IDENTIFICAR
5680-CHMSI-SIN IDENTIFICAR,9560017000015680,CANINO,HEMBRA,MEDIANO,false,SIN IDENTIFICAR
19130-CMMSI-SIN IDENTIFICAR,9560017000019130,CANINO,MACHO,MEDIANO,false,SIN IDENTIFICAR
9650-CMMSI-SIN IDENTIFICAR,9560017000019650,CANINO,MACHO,MEDIANO,false,SIN IDENTIFICAR
9720-FHMSI-SIN IDENTIFICAR,9560170000019720,FELINO,HEMBRA,MEDIANO,false,SIN IDENTIFICAR
5550-CHMSI-SIN IDENTIFICAR,9560170000155550,CANINO,HEMBRA,MEDIANO,false,SIN IDENTIFICAR
9510-CMMSI-SIN IDENTIFICAR,9560170000219510,CANINO,MACHO,MEDIANO,false,SIN IDENTIFICAR
5490-CHMSI-SIN IDENTIFICAR,9781010800115490,CANINO,HEMBRA,MEDIANO,false,SIN IDENTIFICAR
0530-CMMSI-SIN IDENTIFICAR,9781010800820530,CANINO,MACHO,MEDIANO,false,SIN IDENTIFICAR
84140-CHMSI-SIN IDENTIFICAR,9781010806684140,CANINO,HEMBRA,MEDIANO,false,SIN IDENTIFICAR
450-CMMSI-SIN IDENTIFICAR,9781010806840450,CANINO,MACHO,MEDIANO,false,SIN IDENTIFICAR
5840-CHMSI-SIN IDENTIFICAR,9781010808205840,CANINO,HEMBRA,MEDIANO,false,SIN IDENTIFICAR
9880-FMMSI-SIN IDENTIFICAR,9781010808239880,FELINO,MACHO,MEDIANO,false,SIN IDENTIFICAR
000-FMMSI-SIN IDENTIFICAR,9781010808588000,FELINO,MACHO,MEDIANO,false,SIN IDENTIFICAR
1390-CMMSI-SIN IDENTIFICAR,9781010808921390,CANINO,MACHO,MEDIANO,false,SIN IDENTIFICAR
9420-CHMSI-SIN IDENTIFICAR,9781010809259420,CANINO,HEMBRA,MEDIANO,false,SIN IDENTIFICAR
8690-CHMSI-SIN IDENTIFICAR,9781010809288690,CANINO,HEMBRA,MEDIANO,false,SIN IDENTIFICAR
99210-CHMSI-SIN IDENTIFICAR,9781010809299210,CANINO,HEMBRA,MEDIANO,false,SIN IDENTIFICAR
2150-CHMSI-SIN IDENTIFICAR,9781010809322150,CANINO,HEMBRA,MEDIANO,false,SIN IDENTIFICAR
4330-CHMSI-SIN IDENTIFICAR,9781010809334330,CANINO,HEMBRA,MEDIANO,false,SIN IDENTIFICAR
8770-FHMSI-SIN IDENTIFICAR,9781011080928770,FELINO,HEMBRA,MEDIANO,false,SIN IDENTIFICAR
29130-CMMSI-SIN IDENTIFICAR,9781014080929130,CANINO,MACHO,MEDIANO,false,SIN IDENTIFICAR
9520-CHMSI-SIN IDENTIFICAR,9781014080929520,CANINO,HEMBRA,MEDIANO,false,SIN IDENTIFICAR
230-CMMSI-SIN IDENTIFICAR,9781070809299230,CANINO,MACHO,MEDIANO,false,SIN IDENTIFICAR
9080-FHMSI-SIN IDENTIFICAR,9781101080929080,FELINO,HEMBRA,MEDIANO,false,SIN IDENTIFICAR
8890-CHMSI-SIN IDENTIFICAR,9781401080928890,CANINO,HEMBRA,MEDIANO,false,SIN IDENTIFICAR
000-CMMSI-SIN IDENTIFICAR,97810101080929000,CANINO,MACHO,MEDIANO,false,SIN IDENTIFICAR
68700-CMMSI-SIN IDENTIFICAR,97810108015068700,CANINO,MACHO,MEDIANO,false,SIN IDENTIFICAR
929400-CMMSI-SIN IDENTIFICAR,97810108080929400,CANINO,MACHO,MEDIANO,false,SIN IDENTIFICAR
600-FMMSI-SIN IDENTIFICAR,97810108082683600,FELINO,MACHO,MEDIANO,false,SIN IDENTIFICAR
3600-CHMSI-SIN IDENTIFICAR,97810108085883600,CANINO,HEMBRA,MEDIANO,false,SIN IDENTIFICAR
1400-CHMSI-SIN IDENTIFICAR,97811010808541400,CANINO,HEMBRA,MEDIANO,false,SIN IDENTIFICAR
15000-CHMSI-SIN IDENTIFICAR,978101080000015000,CANINO,HEMBRA,MEDIANO,false,SIN IDENTIFICAR
0000-CHMSI-SIN IDENTIFICAR,9223372036854770000,CANINO,HEMBRA,MEDIANO,false,SIN IDENTIFICAR